,0,1,2,3,4,5,6,7,8,11,12
0,NOTARÍA 88, ESTADO DE MEXICO, ESTADO DE MEXICO, CARACTER: TITULAR, TLATLAYA 2 INT. 1, CENTRO URBANO  ESTADO DE MEXICO, ESTADO DE MEXICO, Socio desde: 2016, 5575937667,notaria88em@notaria88em.com,
1,NOTARÍA 108, CUAUTITLAN IZCALLI, ESTADO DE MEXICO, CARACTER: TITULAR, AV. DE LOS CHOPOS 44, ARCOS DEL ALBA  CUAUTITLAN IZCALLI, ESTADO DE MEXICO, Socio desde: 2000, 5873 3000,briceno@notaria108.mx,
2,NOTARÍA 183, NAUCALPAN DE JUAREZ, ESTADO DE MEXICO, CARACTER: TITULAR, FUENTE DE PIRAMIDES 16 INT. PISO 10, OFNA. 1, LOMAS DE TECAMACHALCO  NAUCALPAN DE JUAREZ, ESTADO DE MEXICO, Socio desde: 2018,, 'mx');a.agundis@notaria183.mx]
3,NOTARÍA 150, METEPEC, ESTADO DE MEXICO, CARACTER: TITULAR, AVENIDA TECNOLOGICO 124, LA VIRGEN  METEPEC, ESTADO DE MEXICO, Socio desde: 2006, 01 722 1 79 42 65,atencionaclientes@notaria150.com.mx,
4,NOTARÍA 44, HUIXQUILUCAN, ESTADO DE MEXICO, CARACTER: TITULAR, AV. DE LOS BOSQUES 137, LOMAS DE TECAMACHALCO  HUIXQUILUCAN, ESTADO DE MEXICO, Socio desde: 1995, 59-50 01 02,apt@notaria44.com.mx,
5,NOTARÍA 177, IXTLAHUACA, ESTADO DE MEXICO, CARACTER: INTERINO, MARIO MORENO REYES 100, SAN JOAQUIN, EL JUNCO  IXTLAHUACA, ESTADO DE MEXICO, Socio desde: 2013,, 'com');notaria177@gmail.com]
6,NOTARÍA 28, NEZAHUALCOYOTL, ESTADO DE MEXICO, CARACTER: INTERINO, SORJUANA INES DE LA CRUZ 411, EVOLUCION  NEZAHUALCOYOTL, ESTADO DE MEXICO, Socio desde: 2015, ,afgm28@live.com.mx,
7,NOTARÍA 17, TLALNEPANTLA, ESTADO DE MEXICO, CARACTER: INTERINO, CONVENTO DE ACTOPAN 18, JARDINES DE SANTA MONICA  TLALNEPANTLA, ESTADO DE MEXICO, Socio desde: 2012, EXT. 114,alfredocaso@notaria17edomex.com.mx,
8,NOTARÍA 163, MEXICO, ESTADO DE MEXICO, CARACTER: INTERINO, AV. DE LAS FUENTES 49 B INT. PISO 2, LOMAS DE TECAMACHALCO  MEXICO, ESTADO DE MEXICO, Socio desde: 2018, 24 87 35 83,anaporrasnot163@hotmail.com,
9,NOTARÍA 94, TOLUCA, ESTADO DE MEXICO, CARACTER: INTERINO, PROLONGACION 5 DE MAYO 938 INT. 201, VALLE DON CAMILO  TOLUCA, ESTADO DE MEXICO, Socio desde: 2000, 0172 2212 8003,augarte_not94@prodigy.net.mx,
10,NOTARÍA 160, ECATEPEC, ESTADO DE MEXICO, CARACTER: TITULAR, VIA MORELOS 421 INT. DESP 32, SANTA CLARA  ECATEPEC, ESTADO DE MEXICO, Socio desde: 2006, 3640 3671,aviesca@notaria160.com.mx,
11,NOTARÍA 122, ECATEPEC, ESTADO DE MEXICO, CARACTER: TITULAR, VICENTE VILLADA 9, SAN CRISTOBAL CENTRO  ECATEPEC, ESTADO DE MEXICO, Socio desde: 2000, 36 11 08 95,ahp@notariahoffmann.com.mx,
12,NOTARÍA 152, LERMA, ESTADO DE MEXICO, CARACTER: TITULAR, PASEO TOLLOCAN INT. LOCALES 6, 7 Y 8, LA ESTACION  LERMA, ESTADO DE MEXICO, Socio desde: 2005,, 'com.mx');notariapublica152@yahoo.com.mx]
13,NOTARÍA 139, ECATEPEC DE MORELOS, ESTADO DE MEXICO, CARACTER: INTERINO, AVE. REVOLUCIÓN 40 INT. B, SANTA AGUEDA  ECATEPEC DE MORELOS, ESTADO DE MEXICO, Socio desde: 2005, LOS MISMOS,arabela@notaria139edomex.com,
14,NOTARÍA 141, CHALCO, ESTADO DE MEXICO, CARACTER: TITULAR, SAN SEBASTIAN 15, BARRIO SAN SEBASTIAN  CHALCO, ESTADO DE MEXICO, Socio desde: 2018, 59 75 37 46 ,delariva@notariapublica141chalco.com,
15,NOTARÍA 41, TOLUCA , ESTADO DE MEXICO, CARACTER: TITULAR, SAN JUAN 108, FRACC PLAZAS DE SAN BUENAVENTURA  TOLUCA , ESTADO DE MEXICO, Socio desde: 2016, 167-4141,contacto@notaria41edomex.com,
16,NOTARÍA 19, TLALNEPANTLA, ESTADO DE MEXICO, CARACTER: TITULAR, VALLARTA 26 INT. 1ER PISO, CENTRO  TLALNEPANTLA, ESTADO DE MEXICO, Socio desde: 1988, 53-90-92-66,agp@notario19.com.mx,
17,NOTARÍA 170, METEPEC, ESTADO DE MEXICO, CARACTER: SUPLENTE, AVENIDA SOLIDARIDAD LA TORRES PONIENTE 401 INT. LOCAL B, SAN CARLOS  METEPEC, ESTADO DE MEXICO, Socio desde: 2011, 01 722 437 9819,notaria170edomexfm@gmail.com,
18,NOTARÍA 144, TOLUCA, ESTADO DE MEXICO, CARACTER: INTERINO, ANDRES QUINTANA ROO 703, CIPRES  TOLUCA, ESTADO DE MEXICO, Socio desde: 2006, 01 722 280 9885,notaria144toluca@yahoo.com.mx,
19,NOTARÍA 97, VALLE DE BRAVO, ESTADO DE MEXICO, CARACTER: INTERINO, A.U. BENITO JUAREZ GARCIA S/N, SANCHEZ  VALLE DE BRAVO, ESTADO DE MEXICO, Socio desde: 2017, 01 726 26 27 120,contacto@not97edomex.mx,
20,NOTARÍA 95, HUIXQUILUCAN, ESTADO DE MEXICO, CARACTER: INTERINO, AV. DE LOS BOSQUES 169, LOMAS DE TECAMACHALCO  HUIXQUILUCAN, ESTADO DE MEXICO, Socio desde: 2003, TEL Y FAX,arturo.gonzalez@notaria95.com.mx,
21,NOTARÍA 123, TOLUCA, ESTADO DE MEXICO, CARACTER: TITULAR, BOULEVARD TOLUCA-METEPEC, NORTE 117 INT. DESP 201, RANCHO SAN RAFAEL  TOLUCA, ESTADO DE MEXICO, Socio desde: 2005,, 'com');not123edomex@gmail.com]
22,NOTARÍA 187, TOLUCA, ESTADO DE MEXICO, CARACTER: INTERINO, AV. SOLIDARIDAD LAS TORRES S/N, LA PROVIDENCIA  TOLUCA, ESTADO DE MEXICO, Socio desde: 2018, 01 722 211 52 80,anotaria187@gmail.com,
23,NOTARÍA 178, NAUCALPAN, ESTADO DE MEXICO, CARACTER: TITULAR, CIRCUITOS MEDICOS 24 INT. PRIMER PISO, CIUDAD SATELITE  NAUCALPAN, ESTADO DE MEXICO, Socio desde: 2013, 53740624,notario178@yahoo.com,
24,NOTARÍA 87, TOLUCA, ESTADO DE MEXICO, CARACTER: INTERINO, PASEO TOLLOCAN 904 PTE, MORELOS  TOLUCA, ESTADO DE MEXICO, Socio desde: 2003, 0172 2217 8910,notaria87edomex@hotmail.com,
25,NOTARÍA 110, ATIZAPAN DE ZARAGOZA, ESTADO DE MEXICO, CARACTER: TITULAR, AVENIDA DE LOS JINETES 185, FRACC. LAS ARBOLEDAS  ATIZAPAN DE ZARAGOZA, ESTADO DE MEXICO, Socio desde: 1996, 5370.18.38,carlosfrancisco_castro@yahoo.com.mx,
26,NOTARÍA 129, COACALCO DE BERRIOZABAL, ESTADO DE MEXICO, CARACTER: TITULAR, BOULEVARD DE LAS ROSAS 4 Y 6, VILLA DE LAS FLORES 2A. SECCION  COACALCO DE BERRIOZABAL, ESTADO DE MEXICO, Socio desde: 2004, LOS MISMOS,chp@notariahoffmann.com.mx,
27,NOTARÍA 67, TOLUCA, ESTADO DE MEXICO, CARACTER: INTERINO, MARIANO MATAMOROS 200 INT. DESPACHO 106, CENTRO  TOLUCA, ESTADO DE MEXICO, Socio desde: 2011, 722 2133234,not67tol@prodigy.net.mx,
28,NOTARÍA 22, ECATEPEC, ESTADO DE MEXICO, CARACTER: TITULAR, AV. LOPEZ MATEOS 24, CENTRO  ECATEPEC, ESTADO DE MEXICO, Socio desde: 1984, 5787.37. 69,notario22edomex@gmail.com,
29,NOTARÍA 153, NAUCALPAN, ESTADO DE MEXICO, CARACTER: INTERINO, AV. FUENTE DE TEMPLANZA 19 INT. P.B. ‘B’, LOMAS DE TECAMACHALCO  NAUCALPAN, ESTADO DE MEXICO, Socio desde: 2007, 55 89 32 37,notaria@not153.com.mx,
30,NOTARÍA 159, HUIXQUILUCAN, ESTADO DE MEXICO, CARACTER: TITULAR, AV. JESUS DEL MONTE 32 INT. PISO 6 DESP. 601/602, EX HACIENDA JESUS DEL MONTE  HUIXQUILUCAN, ESTADO DE MEXICO, Socio desde: 2011, 52 914 858,jvillicana@notaria159.com.mx,
31,NOTARÍA 105, NAUCALPAN, ESTADO DE MEXICO, CARACTER: TITULAR, BLVD. AVILA CAMACHO 460 EDIF C INT. DESP 101 Y 102, SN. ANDRES ATOTO  NAUCALPAN, ESTADO DE MEXICO, Socio desde: 2001, 53 59.54.43,c.zuckermann@notaria105.com,
32,NOTARÍA 80, TECAMACHALCO, ESTADO DE MEXICO, CARACTER: TITULAR, FUENTE DE LOS TRITONES 24 INT. 1ER PISO, LOMAS DE TECAMACHALCO  TECAMACHALCO, ESTADO DE MEXICO, Socio desde: 1983, 5589 5785,dagodi@prodigy.net.mx,
33,NOTARÍA 52, ZUMPANGO, ESTADO DE MEXICO, CARACTER: TITULAR, ZARAGOZA 1 INT. DESP 12 Y 13, CENTRO  ZUMPANGO, ESTADO DE MEXICO, Socio desde: 2000, 01 591 917.01.41,notaria52edomex@hotmail.com,
34,NOTARÍA 143, HUIXQUILUCAN, ESTADO DE MEXICO, CARACTER: TITULAR, FUENTES CERES 19, LOMAS DE TECAMACHALCO  HUIXQUILUCAN, ESTADO DE MEXICO, Socio desde: 2006, 22 24 3535,eric.garzon@notaria143.com.mx,
35,NOTARÍA 142, TLALNEPANTLA, ESTADO DE MEXICO, CARACTER: TITULAR, CONVENTO CORPUS CRISTI 50, JARDINES DE STA MONICA  TLALNEPANTLA, ESTADO DE MEXICO, Socio desde: 2005, 11 06 34 88,emacedo@notaria142.com,
36,NOTARÍA 117, TECAMAC, ESTADO DE MEXICO, CARACTER: TITULAR, AVE.CINCO DE MAYO 18, CENTRO  TECAMAC, ESTADO DE MEXICO, Socio desde: 1994, 5934 6335,not117edomex@prodigy.net.mx,
37,NOTARÍA 47, ESTADO DE MEXICO, ESTADO DE MEXICO, CARACTER: INTERINO, FUENTE DE PIRAMIDE 1 INT. 101, LOMAS DE TECAMACHALCO  ESTADO DE MEXICO, ESTADO DE MEXICO, Socio desde: 2012, ,esa@notarias47y171.com,
38,NOTARÍA 74, NAUCALPAN, ESTADO DE MEXICO, CARACTER: TITULAR, AV. ADOLFO LOPEZ MATEOS 33 INT. A, JARDINES DE SAN MATEO  NAUCALPAN, ESTADO DE MEXICO, Socio desde: 2011, ,eaguilar@notaria74.com,
39,NOTARÍA 3, ESTADO DE MEXICO, ESTADO DE MEXICO, CARACTER: SUPLENTE, SOR JUANA INES DE LA CRUZ 8, TLALNEPANTLA  ESTADO DE MEXICO, ESTADO DE MEXICO, Socio desde: 2012, 53901672,enrique@n3.com.mx,
40,NOTARÍA 191, NAUCALPAN DE JUAREZ, ESTADO DE MEXICO, CARACTER: INTERINO, BOULEVARD MANUEL AVILA CAMACHO 685 INT. 303, INDUSTRIAL ALCE BLANCO  NAUCALPAN DE JUAREZ, ESTADO DE MEXICO, Socio desde: 2017, 46 14 88 48,erastomartinez@notaria191.com,
41,NOTARÍA 148, TOLUCA, ESTADO DE MEXICO, CARACTER: INTERINO, MARIANO MATAMOROS 803, FRANCISCO MURGUIA  TOLUCA, ESTADO DE MEXICO, Socio desde: 2007, 01 722 277 83 77,contacto@148em.mx,
42,NOTARÍA 6, TOLUCA, ESTADO DE MEXICO, CARACTER: TITULAR, JOSE VICENTE VILLADA SUR 205, CENTRO  TOLUCA, ESTADO DE MEXICO, Socio desde: 1992, LAS DOS LINEAS,notario6@hotmail.com,
43,NOTARÍA 182, METEPEC, ESTADO DE MEXICO, CARACTER: TITULAR, AVENIDA TECNOLOGICO 1101 NORTE LOCAL B-9, AGRICOLA BELLAVISTA  METEPEC, ESTADO DE MEXICO, Socio desde: 2016, 017222716659,notaria182metepec@gmail.com,
44,NOTARÍA 15, TOLUCA, ESTADO DE MEXICO, CARACTER: TITULAR, EDUARDO GONZALEZ Y PICHARDO 302, LA MERCED  TOLUCA, ESTADO DE MEXICO, Socio desde: 2011, 01 722 213 4842,notaria15mex@not15mex.com,
45,NOTARÍA 169, HUIXQUILUCAN, ESTADO DE MEXICO, CARACTER: INTERINO, AV. JESUS DEL MONTE 39-B INT. OFICINA 1804, JESUS DEL MONTE  HUIXQUILUCAN, ESTADO DE MEXICO, Socio desde: 2012, 36 05 1076,fdiez@notaria169emex.com,
46,NOTARÍA 42, NEZAHUALCOYOTL, ESTADO DE MEXICO, CARACTER: TITULAR, AV. ADOLFO LOPEZ MATEOS 463, BENITO JUAREZ  NEZAHUALCOYOTL, ESTADO DE MEXICO, Socio desde: 1975, 5792 0840,ftrueba@notaria42em.com.mx,
47,NOTARÍA 8, TLALNEPANTLA, ESTADO DE MEXICO, CARACTER: TITULAR, SOR JUANA INES DE LA CRUZ 11, CENTRO  TLALNEPANTLA, ESTADO DE MEXICO, Socio desde: 1994, 53 90 73 80,fvelasco@notaria-8.com,
48,NOTARÍA 128, TEXCOCO, ESTADO DE MEXICO, CARACTER: TITULAR, 16 DE SEPTIEMBRE 111 INT. A – 1ER PISO, CENTRO  TEXCOCO, ESTADO DE MEXICO, Socio desde: 2009, 01 595 954 6403,not128tex@hotmail.com,
49,NOTARÍA 23, NEZAHUALCOYOTL, ESTADO DE MEXICO, CARACTER: SUPLENTE, AVENIDA CUAUHTEMOC 13, MEXICO  NEZAHUALCOYOTL, ESTADO DE MEXICO, Socio desde: 2011, 57971096,notariokiwan@notaria23edomex.com.mx,
50,NOTARÍA 121, TEJUPILCO, ESTADO DE MEXICO, CARACTER: INTERINO, LEONA VICARIO 46, FLORIDA  TEJUPILCO, ESTADO DE MEXICO, Socio desde: 2017, 01 724 26 703 91,administracion@notaria121edomex.com,
51,NOTARÍA 127, IXTAPALUCA, ESTADO DE MEXICO, CARACTER: INTERINO, MUNICIPIO LIBRE 8, IXTAPALUCA CENTRO  IXTAPALUCA, ESTADO DE MEXICO, Socio desde: 2003, 59 72 34 73,nota127@yahoo.com.mx,
52,NOTARÍA 192, TLALNEPANTLA DE BAZ, ESTADO DE MEXICO, CARACTER: TITULAR, GUSTAVO BAZ 309 INT. EDIFICIO E INTERIOR 103, LA LOMA  TLALNEPANTLA DE BAZ, ESTADO DE MEXICO, Socio desde: 2017, 76 00 65 00,notaria192@notaria192.com.mx,
53,NOTARÍA 5, TOLUCA, ESTADO DE MEXICO, CARACTER: TITULAR, VICENTE VILLADA 122, CENTRO  TOLUCA, ESTADO DE MEXICO, Socio desde: 1973, 01722-213-41-81,notario@not5edomex.com.mx,
54,NOTARÍA 109, COACALCO DE BERRIOZABAL, ESTADO DE MEXICO, CARACTER: SUPLENTE, AVENIDA JOSE LOPEZ PORTILLO 132, CABECERA MUNICIPAL  COACALCO DE BERRIOZABAL, ESTADO DE MEXICO, Socio desde: 1999, 21 59 17 26,gezeta@notaria109em.com.mx,
55,NOTARÍA 82, TOLUCA, ESTADO DE MEXICO, CARACTER: TITULAR, JOSE VICENTE VILLADA SUR 106, CENTRO  TOLUCA, ESTADO DE MEXICO, Socio desde: 1982, 01 722 213.45.25,gabrielezetamoll@prodigy.net.mx,
56,NOTARÍA 7, TOLUCA DE LERDO, ESTADO DE MEXICO, CARACTER: INTERINO, MARIANO MATAMOROS SUR S/N, CENTRO  TOLUCA DE LERDO, ESTADO DE MEXICO, Socio desde: 2015, 01 722 214 4141,maris_0903@hotmail.com,
57,NOTARÍA 75, CUAUTITLAN MEXICO, ESTADO DE MEXICO, CARACTER: TITULAR, CALZADA DE GUADALUPE 703, TLAYACAC  CUAUTITLAN MEXICO, ESTADO DE MEXICO, Socio desde: 2012, 52906749,graciela.jimenez@notaria75edomex.com,
58,NOTARÍA 133, ATIZAPAN DE ZARAGOZA, ESTADO DE MEXICO, CARACTER: TITULAR, BLVD. ADOLFO LOPEZ MATEOS 9 INT. 1-B, EL POTRERO  ATIZAPAN DE ZARAGOZA, ESTADO DE MEXICO, Socio desde: 2004, LOS MISMOS,guillermo.rubio@notaria133.com.mx,
59,NOTARÍA 77, OTUMBA, ESTADO DE MEXICO, CARACTER: TITULAR, PLAZA DE LA CONSTITUCION 7, CENTRO  OTUMBA, ESTADO DE MEXICO, Socio desde: 1982, 01 592 922.04.04,luzmafo@hotmail.com,
60,NOTARÍA 21, NAUCALPAN, ESTADO DE MEXICO, CARACTER: TITULAR, FUENTE DE PIRAMIDES 1 INT. DESP 301, LOMAS DE TECAMACHALCO SECC. FUENTES  NAUCALPAN, ESTADO DE MEXICO, Socio desde: 1985, 5294-60-08,memonot21@gmail.com,
61,NOTARÍA 184, ESTADO DE MEXICO, ESTADO DE MEXICO, CARACTER: INTERINO, PASAJE INTERLOMAS 6 INT. 201, MAGNOCENTRO  ESTADO DE MEXICO, ESTADO DE MEXICO, Socio desde: 2017, 5925-2433 ,g.fernandez@notaria184edomex.mx,
62,NOTARÍA 174, ECATEPEC DE MORELOS, ESTADO DE MEXICO, CARACTER: TITULAR, TAMPICO 30, TIERRA BLANCA  ECATEPEC DE MORELOS, ESTADO DE MEXICO, Socio desde: 2018, 57706322,notaria174edomex@gmail.com,
63,NOTARÍA 193, ESTADO DE MEXICO, ESTADO DE MEXICO, CARACTER: TITULAR, AV. ADOLFO RUIZ CORTINES S/N, FRACC. LAS MARGARITAS  ESTADO DE MEXICO, ESTADO DE MEXICO, Socio desde: 2017, 50-84-22-55,hector.astudillo@notaria193.mx,
64,NOTARÍA 147, TULTITLAN, ESTADO DE MEXICO, CARACTER: INTERINO, MANUEL ACUÑA 28, BARRIO BELEM  TULTITLAN, ESTADO DE MEXICO, Socio desde: 2005, 5888 3645,notaria_147@yahoo.com.mx,
65,NOTARÍA 155, METEPEC, ESTADO DE MEXICO, CARACTER: INTERINO, PASEO SAN ISIDRO 658 INT. 11, BARRIO ESPIRITU SANTO  METEPEC, ESTADO DE MEXICO, Socio desde: 2007, 01 722 232 2403,notaria155edomex@prodigy.net.mx,
66,NOTARÍA 59, LOS REYES LA PAZ, ESTADO DE MEXICO, CARACTER: INTERINO, FRANCISCO I. MADERO 8, LOS REYES ACAQUILPAN  LOS REYES LA PAZ, ESTADO DE MEXICO, Socio desde: 1997, 5855.66.92,letipaniagua@hotmail.com,
67,NOTARÍA 102, NAUCALPAN, ESTADO DE MEXICO, CARACTER: TITULAR, ACUEDUCTO RIO LERMA 7, AVILA CAMACHO  NAUCALPAN, ESTADO DE MEXICO, Socio desde: 1982, 52 94 01 91,horacio.aguilar@notaria102edomex.mx,
68,NOTARÍA 27, NAUCALPAN, ESTADO DE MEXICO, CARACTER: TITULAR, COLEGIO 4, CD. SATELITE CTO.  NAUCALPAN, ESTADO DE MEXICO, Socio desde: 1993, TODOS,not2754@yahoo.com,
69,NOTARÍA 78, LERMA, ESTADO DE MEXICO, CARACTER: INTERINO, ARTESANOS 1, CENTRO  LERMA, ESTADO DE MEXICO, Socio desde: 2018, 01 728 282 08 07,notaria.78.lerma@gmail.com,
70,NOTARÍA 68, TOLUCA, ESTADO DE MEXICO, CARACTER: INTERINO, AV. HIDALGO PONIENTE 408 INT. 2o PISO, CENTRO  TOLUCA, ESTADO DE MEXICO, Socio desde: 2017, 01 722 214 35 33,notaria_68@yahoo.com.mx,
71,NOTARÍA 164, TLALNEPANTLA, ESTADO DE MEXICO, CARACTER: TITULAR, CONVENTO DE TEPOTZOTLAN 23, JARDINES DE SANTA MONICA  TLALNEPANTLA, ESTADO DE MEXICO, Socio desde: 2008, 53 655731,notaria164edomex@yahoo.com.mx,
72,NOTARÍA 175, CUAUTITLÁN IZCALLI, ESTADO DE MEXICO, CARACTER: INTERINO, AV. DE LOS CHOPOS 2-A, ARCOS DEL ALBA  CUAUTITLÁN IZCALLI, ESTADO DE MEXICO, Socio desde: 2012, 55 58737182,jvm@notaria175.com,
73,NOTARÍA 132, ZINACANTEPEC, ESTADO DE MEXICO, CARACTER: TITULAR, CALLE 2 DE ABRIL 108, BARRIO SAN MIGUEL  ZINACANTEPEC, ESTADO DE MEXICO, Socio desde: 2000, 01 722 218.82.68,maldo1944@hotmail.com,
74,NOTARÍA 45, NAUCALPAN, ESTADO DE MEXICO, CARACTER: TITULAR, PARQUE DE CHAPULTEPEC 36, EL PARQUE  NAUCALPAN, ESTADO DE MEXICO, Socio desde: 2005, 53 58 45 45 EXT. 130,jzamudio@notaria45.com.mx,
75,NOTARÍA 157, ECATEPEC, ESTADO DE MEXICO, CARACTER: TITULAR, NICOLAS BRAVO 35, SAN CRISTOBAL CENTRO  ECATEPEC, ESTADO DE MEXICO, Socio desde: 2006, 5770 0643,notario157@prodigy.net.mx,
76,NOTARÍA 30, NAUCALPAN DE JUAREZ, ESTADO DE MEXICO, CARACTER: TITULAR, FUENTE DE TRITONES 24 INT. PISO 1, TECAMACHALCO  NAUCALPAN DE JUAREZ, ESTADO DE MEXICO, Socio desde: 2012, 5294 0094,jorgegoni@prodigy.net.mx,
77,NOTARÍA 9, TLALNEPANTLA, ESTADO DE MEXICO, CARACTER: TITULAR, BERRIOZABAL 7 INT. 101, SAN JAVIER  TLALNEPANTLA, ESTADO DE MEXICO, Socio desde: 1977, 5390.12.97,cibarol@yahoo.com.mx,
78,NOTARÍA 81, TOLUCA, ESTADO DE MEXICO, CARACTER: TITULAR, PROLONGACION 5 DE MAYO 1613 INT. 104, C. F. E. 2DA. SECCION  TOLUCA, ESTADO DE MEXICO, Socio desde: 2006, 01 722 219 5238,jgallegos@n81.mx,
79,NOTARÍA 119, TULTITLAN, ESTADO DE MEXICO, CARACTER: INTERINO, VALENTIN GOMEZ FARIAS 52, BARRIO DE SAN JUAN  TULTITLAN, ESTADO DE MEXICO, Socio desde: 2006, 0155 5888 3071,villalobos__jorge@hotmail.com,
80,NOTARÍA 125, METEPEC, ESTADO DE MEXICO, CARACTER: TITULAR, AVENIDA LICENCIADO BENITO JUAREZ GARCIA 1301 PLANTA BAJA INT. LOCAL 21, HIPICO  METEPEC, ESTADO DE MEXICO, Socio desde: 2005, 017222106809,notaria125@hotmail.com,
81,NOTARÍA 24, TOLUCA, ESTADO DE MEXICO, CARACTER: SUPLENTE, JUAN RODRIGUEZ 409, RESIDENCIAL COLON  TOLUCA, ESTADO DE MEXICO, Socio desde: 2001, 01-722-219-61.64,jvaldes6@hotmail.com,
82,NOTARÍA 140, ESTADO DE MEXICO, ESTADO DE MEXICO, CARACTER: INTERINO, AVENIDA DE LOS BOSQUES 85, LOMAS DE TECAMACHALCO  ESTADO DE MEXICO, ESTADO DE MEXICO, Socio desde: 2005, 5220 6736,notaria140@notaria-portilla.com,
83,NOTARÍA 158, EDO MEXICO, ESTADO DE MEXICO, CARACTER: TITULAR, AV. ARBOLEDAS DE LA HACIENDA 52, FRACCIONAMIENTO LAS ARBOLEDAS  EDO MEXICO, ESTADO DE MEXICO, Socio desde: 2008, 55 16 68 1372,notaria158em@prodigy.net.mx,
84,NOTARÍA 60, ECATEPEC DE MORELOS, ESTADO DE MEXICO, CARACTER: TITULAR, PEDRO MORENO 5, SAN CRISTOBAL CENTRO  ECATEPEC DE MORELOS, ESTADO DE MEXICO, Socio desde: 2015, 5787 5611,notaria60@notaria60edomex.com,
85,NOTARÍA 29, NEZAHUALCOYOTL, ESTADO DE MEXICO, CARACTER: TITULAR, SOR JUANA INES DE LA CRUZ 85, METROPOLITANA 3A. SECCION  NEZAHUALCOYOTL, ESTADO DE MEXICO, Socio desde: 1999, 57 65 13 11,29notariaedomexantonio@prodigy.net.mx,
86,NOTARÍA 151, NAUCALPAN DE JUAREZ, ESTADO DE MEXICO, CARACTER: TITULAR, AV. DE LAS FUENTES 94, LOMAS DE TECAMACHALCO  NAUCALPAN DE JUAREZ, ESTADO DE MEXICO, Socio desde: 2000, MISMOS,notaria151@hotmail.com,
87,NOTARÍA 65, HUIXQUILUCAN, ESTADO DE MEXICO, CARACTER: TITULAR, PASEO DE LA HERRADURA 403, PARQUES DE LA HERRADURA  HUIXQUILUCAN, ESTADO DE MEXICO, Socio desde: 1977, TODOS LOS TELS-,mazoyjl@gmail.com,
88,NOTARÍA 149, METEPEC, ESTADO DE MEXICO, CARACTER: TITULAR, PRADERA 9, LA VIRGEN METEPEC  METEPEC, ESTADO DE MEXICO, Socio desde: 2011, 01 722 508 6222,info@notaria149.mx,
89,NOTARÍA 113, NEZAHUALCOYOTL, ESTADO DE MEXICO, CARACTER: INTERINO, AV. SOR JUANA INES DE LA CRUZ 109, METROPOLITANA 3A. SECCION  NEZAHUALCOYOTL, ESTADO DE MEXICO, Socio desde: 2006, 57 93 99 24,jortiz@notaria113.mx,
90,NOTARÍA 165, NAUCALPAN, ESTADO DE MEXICO, CARACTER: INTERINO, FUENTE DE TREVI 23 INT. DESP. 502, LOMAS DE TECAMACHALCO  NAUCALPAN, ESTADO DE MEXICO, Socio desde: 2006, ,ruben.valdez@vaf.com.mx,
91,NOTARÍA 124, METEPEC, ESTADO DE MEXICO, CARACTER: TITULAR, JOSE MA. MORELOS Y PAVON 336, BARRIO DE COAUXUSTENCO  METEPEC, ESTADO DE MEXICO, Socio desde: 2000, LOS MISMOS,jama@notaria124edomex.com.mx,
92,NOTARÍA 114, IXTAPALUCA, ESTADO DE MEXICO, CARACTER: TITULAR, AV. CUAUHTEMOC 60 INT. 2NDO PISO, STA. BARBARA  IXTAPALUCA, ESTADO DE MEXICO, Socio desde: 2007, 01 55 17226312,notaria.114@hotmail.com,
93,NOTARÍA 168, HUIXQUILUCAN, ESTADO DE MEXICO, CARACTER: SUPLENTE, BOULEVARD INTERLOMAS 14 INT. DESPACHO 801, CENTRO URBANO SAN FERNANDO  HUIXQUILUCAN, ESTADO DE MEXICO, Socio desde: 2011, ,notariapublica168@yahoo.com.mx,
94,NOTARÍA 16, TEXCOCO, ESTADO DE MEXICO, CARACTER: INTERINO, CERRADA FRAY PEDRO DE GANTE 5, SAN PEDRO  TEXCOCO, ESTADO DE MEXICO, Socio desde: 2011, 01 595 954 0026,not16mex@hotmail.com,
95,NOTARÍA 85, HUIXQUILUCAN, ESTADO DE MEXICO, CARACTER: INTERINO, PARQUE DE CADIZ 2 INT. 1ER PISO, PARQUES DE LA HERRADURA  HUIXQUILUCAN, ESTADO DE MEXICO, Socio desde: 2004, 52911158,jcvillicana@notaria85.com.mx,
96,NOTARÍA 90, ESTADO DE MEXICO, ESTADO DE MEXICO, CARACTER: ADSCRITO, SALVADOR SANCHEZ COLIN 12 INT. LOCAL 9, SAN BARTOLO  ESTADO DE MEXICO, ESTADO DE MEXICO, Socio desde: 2004, 62 36 05 97 ,notaria90@notaria90.com,
97,NOTARÍA 99, CUAUTITLAN IZCALLI, ESTADO DE MEXICO, CARACTER: INTERINO, C-44-A , CENTRO URBANO  CUAUTITLAN IZCALLI, ESTADO DE MEXICO, Socio desde: 2004, 58 68 91 22,jruiz@notaria99.com.mx,
98,NOTARÍA 72, TEXCOCO DE MORA, ESTADO DE MEXICO, CARACTER: TITULAR, 2 DE MARZO 213 BIS INT. PISO 1 Y 2, CENTRO  TEXCOCO DE MORA, ESTADO DE MEXICO, Socio desde: 1997, 01 595 954.11.67,jmvaldes@prodigy.net.mx,
99,NOTARÍA 180, NAUCALPAN DE JUAREZ, ESTADO DE MEXICO, CARACTER: SUPLENTE, FUENTE DE PIRAMIDES 16 INT. TERCER PISO, LOMAS DE TECAMACHALCO  NAUCALPAN DE JUAREZ, ESTADO DE MEXICO, Socio desde: 2011, ,jpmoralesbroc@notaria180.com,
100,NOTARÍA 46, TOLUCA, ESTADO DE MEXICO, CARACTER: TITULAR, AV INDEPENDENCIA PONIENTE 104-109, CENTRO  TOLUCA, ESTADO DE MEXICO, Socio desde: 2013, 17222144263,notaria46edomex@att.net.mx,
101,NOTARÍA 14, TLALNEPANTLA, ESTADO DE MEXICO, CARACTER: TITULAR, VIA GUSTAVO BAZ 2A INT. LOCAL D, XOCOYAHUALCO  TLALNEPANTLA, ESTADO DE MEXICO, Socio desde: 1998, TELS. Y FAXES,notaria14_tlalnepantla@yahoo.com.mx,
102,NOTARÍA 36, CUAUTITLAN IZCALLI, ESTADO DE MEXICO, CARACTER: TITULAR, D.I. JESUS VIRCHEZ, EDIF. ABBA 9 INT. DESP 202, CENTRO URBANO  CUAUTITLAN IZCALLI, ESTADO DE MEXICO, Socio desde: 1998,, 'net.mx');laurapg@prodigy.net.mx]
103,NOTARÍA 96, NEZAHUALCOYOTL, ESTADO DE MEXICO, CARACTER: TITULAR, INDIO TRISTE 125, METROPOLITANA  NEZAHUALCOYOTL, ESTADO DE MEXICO, Socio desde: 2001, 5792 0259,leonardoalfredobeltran@gmail.com,
104,NOTARÍA 55, SAN CRISTOBAL ECATEPEC, ESTADO DE MEXICO, CARACTER: TITULAR, AV. JUAREZ NORTE 24, ZONA CENTRO  SAN CRISTOBAL ECATEPEC, ESTADO DE MEXICO, Socio desde: 1982, 5770 3807,notaria55edo@prodigy.net.mx,
105,NOTARÍA 25, ECATEPEC, ESTADO DE MEXICO, CARACTER: INTERINO, JUAREZ SUR 33, LA MORA  ECATEPEC, ESTADO DE MEXICO, Socio desde: 2013, ,notaria25mex@hotmail.com,
106,NOTARÍA 93, CUAUTITLAN IZCALLI, ESTADO DE MEXICO, CARACTER: TITULAR, TEMOAYA 9 INT. DESP 201, CENTRO URBANO  CUAUTITLAN IZCALLI, ESTADO DE MEXICO, Socio desde: 1998, 5868-4996,notaria93@prodigy.net.mx,
107,NOTARÍA 189, TLANEPANTLA, ESTADO DE MEXICO, CARACTER: INTERINO, AV. DE LAS FUENTES 1 INT. 110 y 111, JARDINES DE BELLAVISTA  TLANEPANTLA, ESTADO DE MEXICO, Socio desde: 2018, 26 30 91 20,lgarate@notaria189.com.mx ,
108,NOTARÍA 134, ATIZAPAN DE ZARAGOZA, ESTADO DE MEXICO, CARACTER: TITULAR, AV. 20 DE NOVIEMBRE 215 INT. DESP 101, CENTRO  ATIZAPAN DE ZARAGOZA, ESTADO DE MEXICO, Socio desde: 2010, 2620 4261,notario@notaria134.mx,
109,NOTARÍA 106, NAUCALPAN, ESTADO DE MEXICO, CARACTER: TITULAR, AVE. FUENTES DE SATELITE 148 INT. 1ER PISO, JARDINES DE SATELITE  NAUCALPAN, ESTADO DE MEXICO, Socio desde: 1982, 5343.03.78,lgmp@not106lgmp.com.mx,
110,NOTARÍA 166, TOLUCA, ESTADO DE MEXICO, CARACTER: TITULAR, TEXCOCO 302, SECTOR POPULAR  TOLUCA, ESTADO DE MEXICO, Socio desde: 2011, 01 722 167 0783,luismirandanotaria166@prodigy.net.mx,
111,NOTARÍA 186, ATIZAPAN DE ZARAGOZA, ESTADO DE MEXICO, CARACTER: TITULAR, AV. JORGE JIMENEZ CANTU S/N INT. PLAZA ANTIGUA EDIF. 5B OFNA. 215, HACIENDA DE VALLESCONDIDO  ATIZAPAN DE ZARAGOZA, ESTADO DE MEXICO, Socio desde: 2017, 53 08 05 74 ,angealram@hotmail.com,
112,NOTARÍA 185, NAUCALPAN, ESTADO DE MEXICO, CARACTER: TITULAR, AV. DE LAS FUENTES 41-A INT. INT. 501, LOMAS DE TECAMACHALCO  NAUCALPAN, ESTADO DE MEXICO, Socio desde: 2018, 63 79 32 30,mrossetto@notaria185.mx,
113,NOTARÍA 112, HUIXQUILUCAN, ESTADO DE MEXICO, CARACTER: TITULAR, PROLONGACION AV. DE LOS BOSQUES 1506 INT. DESP 404, LOMAS DE TECAMACHALCO  HUIXQUILUCAN, ESTADO DE MEXICO, Socio desde: 1992, 5596 2402,notaria112@yahoo.com.mx,
114,NOTARÍA 31, CUAUTITLAN DE ROMERO RUBIO, ESTADO DE MEXICO, CARACTER: INTERINO, ARTICULO 123 107, GUADALUPE  CUAUTITLAN DE ROMERO RUBIO, ESTADO DE MEXICO, Socio desde: 2000, 58-72-38-48,mlsa31@yahoo.com.mx,
115,NOTARÍA 181, MEXICO, ESTADO DE MEXICO, CARACTER: TITULAR, SALVADOR SANCHEZ COLIN 12 INT. LOCAL 9 PLANTA ALTA, SAN BARTOLO  MEXICO, ESTADO DE MEXICO, Socio desde: 2015, 51161275,pilararellanorodriguez@yahoo.com.mx,
116,NOTARÍA 167, METEPEC, ESTADO DE MEXICO, CARACTER: TITULAR, LEONA VICARIO 937 PLAZA IZAR INT. LOCAL 15, EXHACIENDA LA PURISIMA  METEPEC, ESTADO DE MEXICO, Socio desde: 2011, 01 722 232 2350 EXT. 108,notariapublica167@gmail.com,
117,NOTARÍA 91, NICOLAS ROMERO, ESTADO DE MEXICO, CARACTER: TITULAR, AV. PRIMERO DE MAYO , HIDALGO  NICOLAS ROMERO, ESTADO DE MEXICO, Socio desde: 1982, 5823.06.91,not91em@gmail.com,
118,NOTARÍA 120, ATLACOMULCO, ESTADO DE MEXICO, CARACTER: SUPLENTE, HIDALGO 15 INT. 3, CENTRO  ATLACOMULCO, ESTADO DE MEXICO, Socio desde: 2000, 01 712 122.51.21,notaria120@gmail.com,
119,NOTARÍA 33, MEXICO, ESTADO DE MEXICO, CARACTER: SUPLENTE, CIRCUITO POETAS 10, CD SATELITE  MEXICO, ESTADO DE MEXICO, Socio desde: 2014, ,msi@notaria33edomex.com.mx,
120,NOTARÍA 71, TOLUCA, ESTADO DE MEXICO, CARACTER: TITULAR, NICOLAS BRAVO SUR 111, CENTRO  TOLUCA, ESTADO DE MEXICO, Socio desde: 1980, 01 722 215.85.22,msnot13@prodigy.net.mx,
121,NOTARÍA 190, TOLUCA, ESTADO DE MEXICO, CARACTER: TITULAR, INDEPENDENCIA ORIENTE 1400, FERROCARRILES NACIONALES  TOLUCA, ESTADO DE MEXICO, Socio desde: 2017, 01 722 914 55 50,informes@notaria190.com,
122,NOTARÍA 69, EL ORO, ESTADO DE MEXICO, CARACTER: INTERINO, CONSTITUCIÓN 36 INT. 6, CENTRO  EL ORO, ESTADO DE MEXICO, Socio desde: 2013, ,marlensalas@prodigy.net.mx,
123,NOTARÍA 146, METEPEC, ESTADO DE MEXICO, CARACTER: TITULAR, AV. ESTADO DE MEXICO 48 BIS, BARRIO DE SAN MIGUEL  METEPEC, ESTADO DE MEXICO, Socio desde: 2006, 01 722 232 36 14,notaria146edomex@hotmail.com,
124,NOTARÍA 171, NAUCALPAN DE JUAREZ, ESTADO DE MEXICO, CARACTER: TITULAR, BOULEVARD SANTA CRUZ 191, BOULEVARES  NAUCALPAN DE JUAREZ, ESTADO DE MEXICO, Socio desde: 2012, 5879 4545,brh@notaria171mexico.com,
125,NOTARÍA 154, SAN FELIPE DEL PROGRESO, ESTADO DE MEXICO, CARACTER: TITULAR, LIBRAMIENTO FRANCISCO VILLA 3, LA VENTA  SAN FELIPE DEL PROGRESO, ESTADO DE MEXICO, Socio desde: 2007, 01 712 104 2175,martinvilchis_not154@yahoo.com.mx,
126,NOTARÍA 18, TLALNEPANTLA, ESTADO DE MEXICO, CARACTER: INTERINO, SOR JUANA INES DE LA CRUZ 22 INT. 106-1, TLALNEPANTLA DE BAZ CENTRO  TLALNEPANTLA, ESTADO DE MEXICO, Socio desde: 2011, 53 90 6402 EXT. 103,mtn@notaria18.com.mx,
127,NOTARÍA 98, ZUMPANGO, ESTADO DE MEXICO, CARACTER: TITULAR, AV. DR. JORGE JIMENEZ CANTU 35 INT. 1ER PISO, BARRIO SAN JUAN  ZUMPANGO, ESTADO DE MEXICO, Socio desde: 2008, 01 591 917 0586,not98zumem@prodigy.net.mx,
128,NOTARÍA 51, TENANCINGO, ESTADO DE MEXICO, CARACTER: TITULAR, MOCTEZUMA OTE. 304, CENTRO  TENANCINGO, ESTADO DE MEXICO, Socio desde: 1998, 0171 4142 0675,antonioysita@hotmail.com,
129,NOTARÍA 172, ZINACANTEPEC, ESTADO DE MEXICO, CARACTER: SUPLENTE, 16 DE SEPTIEMBRE 213 INT. C, BARRIO DE SANTA MARIA  ZINACANTEPEC, ESTADO DE MEXICO, Socio desde: 2011, 01 722 218 3983,notaria172@hotmail.com,
130,NOTARÍA 156, HUIXQUILUCAN, ESTADO DE MEXICO, CARACTER: TITULAR, PARQUE DE GRANADA 71 INT. DESP. 305, PARQUES DE LA HERRADURA  HUIXQUILUCAN, ESTADO DE MEXICO, Socio desde: 2012, 52905444,mcastro@notaria156.mx,
131,NOTARÍA 104, NAUCALPAN, ESTADO DE MEXICO, CARACTER: TITULAR, BOULEVARD SAN MATEO 54 INT. A, FRACCIONAMIENTO BOULEVARES  NAUCALPAN, ESTADO DE MEXICO, Socio desde: 1998, 55 62 70 11,nathaniel.ruiz@notaria104.mx,
132,NOTARÍA 13, TLALNEPANTLA, ESTADO DE MEXICO, CARACTER: TITULAR, SOR JUANA INES DE LA CRUZ 18 INT. DESP 101, CENTRO  TLALNEPANTLA, ESTADO DE MEXICO, Socio desde: 1998, 53-90-73-99,maluf@notaria13.com.mx,
133,NOTARÍA 83, ATLACOMULCO, ESTADO DE MEXICO, CARACTER: TITULAR, AV. ISIDRO FABELA SUR 34, CENTRO  ATLACOMULCO, ESTADO DE MEXICO, Socio desde: 1985, 01 712 122.01.79,notaria83@hotmail.com,
134,NOTARÍA 58, ESTADO DE MEXICO, ESTADO DE MEXICO, CARACTER: TITULAR, MARIANO ESCOBEDO 12, BELEM  ESTADO DE MEXICO, ESTADO DE MEXICO, Socio desde: 2018, 15 19 82 63,contacto@notaria58edomex.com.mx,
135,NOTARÍA 162, METEPEC, ESTADO DE MEXICO, CARACTER: TITULAR, AV. IGANCIO COMONFORT 1648, LA PROVIDENCIA  METEPEC, ESTADO DE MEXICO, Socio desde: 2007, 01 722 271 5176,not162met@yahoo.com.mx,
136,NOTARÍA 130, ATIZAPAN, ESTADO DE MEXICO, CARACTER: INTERINO, AV. MEXICO NUEVO 1 INT. DESP. 15, LOMAS DE ATIZAPAN  ATIZAPAN, ESTADO DE MEXICO, Socio desde: 2018, 71 60 38 40,nmartinez@notaria130.com.mx,
137,NOTARÍA 64, NAUCALPAN, ESTADO DE MEXICO, CARACTER: INTERINO, NARCISO MENDOZA 23, GRAL. MANUEL AVILA CAMACHO  NAUCALPAN, ESTADO DE MEXICO, Socio desde: 2013, ,palomavillalba@notario64.com.mx,
138,NOTARÍA 135, NEZAHUALCOYOTL, ESTADO DE MEXICO, CARACTER: TITULAR, AV. NEZAHUALCOYOTL 181, ATLACOMULCO  NEZAHUALCOYOTL, ESTADO DE MEXICO, Socio desde: 2007, ,notaria135edomex@yahoo.com.mx,
139,NOTARÍA 137, CUAUTITLAN IZCALLI, ESTADO DE MEXICO, CARACTER: INTERINO, AVENIDA MIGUEL HIDALGO 11, GRANJAS DE GUADALUPE  CUAUTITLAN IZCALLI, ESTADO DE MEXICO, Socio desde: 2015, 5871 0444,pdelpaso@yahoo.com.mx,
140,NOTARÍA 37, TOLUCA, ESTADO DE MEXICO, CARACTER: TITULAR, AV. MIGUEL HIDALGO OTE 407, SANTA CLARA  TOLUCA, ESTADO DE MEXICO, Socio desde: 1998, 01 722 214.85.58,not37edomex@prodigy.net.mx,
141,NOTARÍA 34, ATIZAPAN DE ZARAGOZA, ESTADO DE MEXICO, CARACTER: TITULAR, CALZADA DE LOS JINETES 119, LAS ARBOLEDAS  ATIZAPAN DE ZARAGOZA, ESTADO DE MEXICO, Socio desde: 2008, 53 79 6530,not34mex@prodigy.net.mx,
142,NOTARÍA 101, JILOTEPEC, ESTADO DE MEXICO, CARACTER: INTERINO, AV. ANDRES MOLINA ENRIQUEZ 110, CENTRO  JILOTEPEC, ESTADO DE MEXICO, Socio desde: 2000, TEL. Y FAX,rreyesretanam@yahoo.com.mx,
143,NOTARÍA 73, COACALCO DE BERRIOZABAL, ESTADO DE MEXICO, CARACTER: TITULAR, AVENIDA DALIAS 150, FRACC. VILLA DE LAS FLORES  COACALCO DE BERRIOZABAL, ESTADO DE MEXICO, Socio desde: 2000, 58 74.16.79,notaria73@hotmail.com,
144,NOTARÍA 188, HUIXQUILUCAN, ESTADO DE MEXICO, CARACTER: TITULAR, BOULEVARD INTERLOMAS 5 INT. PLANTA BAJA LOCAL M-10, INTERLOMAS  HUIXQUILUCAN, ESTADO DE MEXICO, Socio desde: 2017, 52 91 87 31,notaria188edomex@gmail.com,
145,NOTARÍA 63, NEZAHUALCOYOTL, ESTADO DE MEXICO, CARACTER: TITULAR, BOULEVARD BOSQUES DE LOS CONTINENTES 31, BOSQUES DE ARAGON  NEZAHUALCOYOTL, ESTADO DE MEXICO, Socio desde: 2006, 4737 3625,ritanotaria63@hotmail.com,
146,NOTARÍA 84, NAUCALPAN, ESTADO DE MEXICO, CARACTER: TITULAR, AV. DEL CONSCRIPTO 61, MANUEL AVILA CAMACHO  NAUCALPAN, ESTADO DE MEXICO, Socio desde: 1993, ,notariahoffmann@gmail.com,
147,NOTARÍA 179, NAUCALPAN DE JUAREZ, ESTADO DE MEXICO, CARACTER: TITULAR, HACIENDA SAN JOSE VISTA HERMOSA 125, FRACCIONAMIENTO BOSQUES DE ECHEGARAY  NAUCALPAN DE JUAREZ, ESTADO DE MEXICO, Socio desde: 2004, 58 70 14 25,not_179_edomex@yahoo.com.mx,
148,NOTARÍA 111, HUIXQUILUCAN, ESTADO DE MEXICO, CARACTER: TITULAR, JESUS DEL MONTE 41, JESUS DEL MONTE  HUIXQUILUCAN, ESTADO DE MEXICO, Socio desde: 2013, ,contacto@notaria111edomex.com,
149,NOTARÍA 20, CUAUTITLAN, ESTADO DE MEXICO, CARACTER: SUPLENTE, CALZADA DE GUADALUPE 101, CENTRO  CUAUTITLAN, ESTADO DE MEXICO, Socio desde: 2017, 5558720990,notariargs@hotmail.com,
150,NOTARÍA 100, TOLUCA, ESTADO DE MEXICO, CARACTER: TITULAR, PRIVADA DE RODRIGO DE TRIANA 303, RESIDENCIAL COLON  TOLUCA, ESTADO DE MEXICO, Socio desde: 2006, 0172 2212 1496,notaria100toluca@prodigy.net.mx,
151,NOTARÍA 107, NAUCALPAN DE JUAREZ, ESTADO DE MEXICO, CARACTER: TITULAR, BLVD. MANUEL AVILA CAMACHO 80 INT. DESP 202-203, LOMAS DE SOTELO  NAUCALPAN DE JUAREZ, ESTADO DE MEXICO, Socio desde: 2004, 5557 7589,notreed107@prodigy.net.mx,
152,NOTARÍA 86, TOLUCA, ESTADO DE MEXICO, CARACTER: TITULAR, AV. INDEPENDENCIA OTE 708, SANTA CLARA  TOLUCA, ESTADO DE MEXICO, Socio desde: 2012, ,notaria86toluca@prodigy.net.mx,
153,NOTARÍA 70, ATIZAPAN DE ZARAGOZA, ESTADO DE MEXICO, CARACTER: TITULAR, BLVD. ADOLFO LOPEZ MATEOS 40, FRACC. JARDINES DE ATIZAPAN  ATIZAPAN DE ZARAGOZA, ESTADO DE MEXICO, Socio desde: 1978, 5822.11.72,notaria70vazquezvarelasalomon@hotmail.com,
154,NOTARÍA 12, TEXCOCO, ESTADO DE MEXICO, CARACTER: TITULAR, CALLE GUERRERO 41, CENTRO  TEXCOCO, ESTADO DE MEXICO, Socio desde: 2004, TEL Y FAX,notaria12texcoco@prodigy.net.mx,
155,NOTARÍA 2, TEXCOCO, ESTADO DE MEXICO, CARACTER: TITULAR, GUERRERO 8, EL CARMEN  TEXCOCO, ESTADO DE MEXICO, Socio desde: 1994, ,semadi25@prodigy.net.mx,
156,NOTARÍA 11, CHALCO, ESTADO DE MEXICO, CARACTER: TITULAR, REFORMA 12 INT. 2NDO PISO, CENTRO  CHALCO, ESTADO DE MEXICO, Socio desde: 2000, 5975.17.54,notaria11edomex@yahoo.com.mx,
157,NOTARÍA 138, TEPOTZOTLAN, ESTADO DE MEXICO, CARACTER: INTERINO, AV. BENITO JUAREZ 1, BARRIO SAN MARTIN, CENTRO  TEPOTZOTLAN, ESTADO DE MEXICO, Socio desde: 2005,, 'com');teresapenagaspar@hotmail.com]
158,NOTARÍA 161, SAN MATEO ATENCO, ESTADO DE MEXICO, CARACTER: TITULAR, AV. JUAREZ 415 INT. 1ER PISO, BARRIO DE LA CONCEPCION  SAN MATEO ATENCO, ESTADO DE MEXICO, Socio desde: 2005, 01 728 288 0661,notaria161@yahoo.com.mx,
159,NOTARÍA 103, TOLUCA, ESTADO DE MEXICO, CARACTER: INTERINO, AVENIDA IGNACIO MANUEL ALTAMIRANO SUR 1000, UNIVERSIDAD  TOLUCA, ESTADO DE MEXICO, Socio desde: 2011, 01 722 217 6280,notaria103@not103.com.mx,
160,NOTARÍA 136, METEPEC, ESTADO DE MEXICO, CARACTER: ADSCRITO, ANTONIO ROSALES 2552, LOS PILARES  METEPEC, ESTADO DE MEXICO, Socio desde: 2005, TELS Y FAX,humbertobenitez@notaria136.com.mx,
161,NOTARÍA 62, CUAUTITLAN DE ROMERO RUBIO, ESTADO DE MEXICO, CARACTER: TITULAR, CALZ. DE GUADALUPE 210, CENTRO  CUAUTITLAN DE ROMERO RUBIO, ESTADO DE MEXICO, Socio desde: 1977, 5872.39.55,notariaedomex62@gmail.com,
162,NOTARÍA 116, SAN MATEO ATENCO, ESTADO DE MEXICO, CARACTER: TITULAR, PASEO TOLLOCAN KM 52 S/N, BARRIO DE SAN PEDRO  SAN MATEO ATENCO, ESTADO DE MEXICO, Socio desde: 2002, 01 728 282.52.02,acevedo_116@yahoo.com.mx,
163,NOTARÍA 54, ECATEPEC DE MORELOS, ESTADO DE MEXICO, CARACTER: TITULAR, AV. JUAREZ SUR 7 INT. 2NDO PISO, SAN CRISTOBAL CENTRO  ECATEPEC DE MORELOS, ESTADO DE MEXICO, Socio desde: 2008, 57 87 8196,notaria@notaria54.com,
