,0,1,2,3,4,5,6,7,8,11
0,NOTARÍA 109, MORELIA, MICHOACAN, CARACTER: SUPLENTE, IGNACIO ZARAGOZA 195 INT. 1 Y 2, CENTRO  MORELIA, MICHOACAN, Socio desde: 2007, 01 443 312 8547,notaria_109@hotmail.com
1,NOTARÍA 61, , MICHOACAN, CARACTER: SUPLENTE, IBARRA 3 INT. 8, CENTRO  , MICHOACAN, Socio desde: 2018, 0143434201515,alan_arlo@hotmail.com
2,NOTARÍA 183, VILLA MADERO, MICHOACAN, CARACTER: TITULAR, AV. REVOLUCION 89-A, VILLA MADERO  VILLA MADERO, MICHOACAN, Socio desde: 2016, 01 459 3412 183,notaria183aal@gmail.com
3,NOTARÍA 85, URUAPAN, MICHOACAN, CARACTER: TITULAR, AV. PASEO LAZARO CARDENAS 10 INT. 104-105, MORELOS  URUAPAN, MICHOACAN, Socio desde: 2005, 01 452 52 4 69 97,notaria.85@hotmail.com
4,NOTARÍA 171, MORELIA, MICHOACAN, CARACTER: TITULAR, NICOLAS DE PALACIOS RUBIOS 221, NUEVA VALLADOLID  MORELIA, MICHOACAN, Socio desde: 2016, 4433125131,alejandro.mendez@notariapublica171.com
5,NOTARÍA 44, LA PIEDAD, MICHOACAN, CARACTER: TITULAR, JUAREZ 178, CENTRO  LA PIEDAD, MICHOACAN, Socio desde: 2009, 01 352 52 21009,notario.publico@yahoo.com.mx
6,NOTARÍA 145, MORELIA, MICHOACAN, CARACTER: TITULAR, J. SEBASTIAN BACH 237, LA LOMA  MORELIA, MICHOACAN, Socio desde: 2009, 01 443 387 6089,alfonsocvaca@hotmail.com
7,NOTARÍA 101, LA PIEDAD, MICHOACAN, CARACTER: TITULAR, CALLE 16 DE SEPTIEMBRE 11, CENTRO  LA PIEDAD, MICHOACAN, Socio desde: 2000, ,not101@prodigy.net.mx
8,NOTARÍA 164, JIQUILPAN, MICHOACAN, CARACTER: TITULAR, AV. LAZARO CARDENAS NORTE 160 INT. 3, CENTRO  JIQUILPAN, MICHOACAN, Socio desde: 2011, 01 353 533 1814,np164@live.com.mx
9,NOTARÍA 141, MORELIA, MICHOACAN, CARACTER: TITULAR, DR. IGNACIO CHAVEZ 145, LAS CAMELINAS  MORELIA, MICHOACAN, Socio desde: 2014, 01 443 324 6769,manzanoa@armandomanzano.com
10,NOTARÍA 185, TUZANTLA, MICHOACAN, CARACTER: TITULAR, AVENIDA SIXTO VERDUZCO 17, CENTRO  TUZANTLA, MICHOACAN, Socio desde: 2016, 786 48 80055,notariapublica185@hotmail.com
11,NOTARÍA 29, URUAPAN, MICHOACAN, CARACTER: TITULAR, MORELOS 37, CENTRO HISTORICO  URUAPAN, MICHOACAN, Socio desde: 2016, 452 5231 3111,not29_uruapan@hotmail.com
12,NOTARÍA 102, MORELIA, MICHOACAN, CARACTER: TITULAR, FRANCISCO ORTIZ RUBIO 40 INT. 101-B, NUEVA CHAPULTEPEC  MORELIA, MICHOACAN, Socio desde: 1994, TODOS LOS TELS.,notarypublic102@hotmail.com
13,NOTARÍA 74, ZITACUARO, MICHOACAN, CARACTER: TITULAR, DR EMILIO GARCIA SUR 46, IGNACIO ZARAGOZA  ZITACUARO, MICHOACAN, Socio desde: 2011, ,notario_74@yahoo.com.mx
14,NOTARÍA 91, CUITZEO, MICHOACAN, CARACTER: TITULAR, ANTONIO DE MENDOZA 7, CENTRO  CUITZEO, MICHOACAN, Socio desde: 2016, 014553570142,notaria91cuitzeo@hotmail.com
15,NOTARÍA 18, ZAMORA, MICHOACAN, CARACTER: SUPLENTE, AMADO NERVO 117 OTE., CENTRO  ZAMORA, MICHOACAN, Socio desde: 2018, 01 351 512 09 10,martinez@zra.megared.net.mx
16,NOTARÍA 93, MORELIA, MICHOACAN, CARACTER: TITULAR, FRAY PEDRO DE GANTE 86 INT. 3, 5 DE MAYO  MORELIA, MICHOACAN, Socio desde: 2015, 01 443 312 9831,liccarlosvitalnot93@gmail.com
17,NOTARÍA 36, HEROICA ZITACUARO, MICHOACAN, CARACTER: TITULAR, DR. EMILIO GARCIA SUR 27, CENTRO  HEROICA ZITACUARO, MICHOACAN, Socio desde: 2000, 01 715 153-11-03,notaria_36_michoacan@hotmail.com
18,NOTARÍA 22, URUAPAN, MICHOACAN, CARACTER: TITULAR, CUPATITZIO 23 INT. 1, CENTRO  URUAPAN, MICHOACAN, Socio desde: 1975, 01 452-523-31-80,augusgv@prodigy.net.mx
19,NOTARÍA 177, IRIMBO, MICHOACAN, CARACTER: TITULAR, AV. MORELOS 41, CENTRO  IRIMBO, MICHOACAN, Socio desde: 2013, ,nota177@hotmail.com
20,NOTARÍA 128, MORELIA, MICHOACAN, CARACTER: TITULAR, AV. LAZARO CARDENAS 2239 INT. 2, CHAPULTEPEC NORTE  MORELIA, MICHOACAN, Socio desde: 2004, 01 443 315 18 27,nota128@hotmail.com
21,NOTARÍA 66, ZAMORA , MICHOACAN, CARACTER: TITULAR, GUERRERO ORIENTE 20 INT. 9, ZAMORA  ZAMORA , MICHOACAN, Socio desde: 2016, 01 351 512 29 25,licjonathanvillasenor@hotmail.com
22,NOTARÍA 120, MORELIA, MICHOACAN, CARACTER: SUPLENTE, DEL ESTUDIANTE 124, MATAMOROS  MORELIA, MICHOACAN, Socio desde: 2018, 01 443 31 44416,isabelnotaria120@yahoo.com.mx
23,NOTARÍA 24, PATZCUARO, MICHOACAN, CARACTER: TITULAR, CODALLOS 28, CENTRO  PATZCUARO, MICHOACAN, Socio desde: 2016, 01 434 34 20 500,patzno24@hotmail.com
24,NOTARÍA 19, MORELIA, MICHOACAN, CARACTER: TITULAR, MELCHOR OCAMPO 162, CENTRO  MORELIA, MICHOACAN, Socio desde: 1999, (01 443) 312-39-20,eduardochc@prodigy.net.mx
25,NOTARÍA 42, URUAPAN, MICHOACAN, CARACTER: TITULAR, LISBOA 256, HUERTAS DE CUPATITZIO  URUAPAN, MICHOACAN, Socio desde: 1993, ,estradecus@hotmail.com
26,NOTARÍA 53, ZAMORA, MICHOACAN, CARACTER: TITULAR, MORELOS SUR 350, CENTRO  ZAMORA, MICHOACAN, Socio desde: 2007, 01 351 5158666,notaria53_michoacan@hotmail.com
27,NOTARÍA 20, ZINAPECUARO, MICHOACAN, CARACTER: TITULAR, CALZADA LAZARO CARDENAS 77, CENTRO  ZINAPECUARO, MICHOACAN, Socio desde: 2003, 01 451 355 04 54,save1962@live.com.mx
28,NOTARÍA 190, URUAPAN, MICHOACAN, CARACTER: TITULAR, AV. PASEO GRAL. LAZARO CARDENAS 1501, LOS ANGELES  URUAPAN, MICHOACAN, Socio desde: 2015, 01 452 524 49 60,notario190@gmail.com
29,NOTARÍA 9, JIQUILPAN, MICHOACAN, CARACTER: TITULAR, LAZARO CARDENAS 35 NTE, CENTRO  JIQUILPAN, MICHOACAN, Socio desde: 2004, 01 353 533 31 98,notarionueve@prodigy.net.mx
30,NOTARÍA 45, LOS REYES, MICHOACAN, CARACTER: TITULAR, GALEANA 4 INT. PLANTA BAJA, CENTRO  LOS REYES, MICHOACAN, Socio desde: 2004, 01 354 54 220 17,notaria45mich@prodigy.net.mx
31,NOTARÍA 83, PUREPERO, MICHOACAN, CARACTER: TITULAR, PORTAL MORELOS 11, CENTRO  PUREPERO, MICHOACAN, Socio desde: 1994, 01-471-36-605-53,notpub83@prodigy.net.mx
32,NOTARÍA 152, MORELIA, MICHOACAN, CARACTER: TITULAR, AVENIDA INSURGENTES 62, LOMAS DE HIDALGO  MORELIA, MICHOACAN, Socio desde: 2010, ,ecgn152@gmail.com
33,NOTARÍA 147, URUAPAN, MICHOACAN, CARACTER: TITULAR, URUGUAY 75, LOS ANGELES  URUAPAN, MICHOACAN, Socio desde: 2011, 01 423 593 0209,fabioladelaparra@hotmail.com
34,NOTARÍA 88, CD. HIDALGO, MICHOACAN, CARACTER: TITULAR, VIDAL SOLIS 73, CENTRO  CD. HIDALGO, MICHOACAN, Socio desde: 1999, ,notaria_88_michoacan@hotmail.com
35,NOTARÍA 134, MORELIA, MICHOACAN, CARACTER: TITULAR, BOULEVARD GARCIA DE LEON 188, DEL EMPLEADO  MORELIA, MICHOACAN, Socio desde: 2002, 01 443 324 76 70,orihuelacarmona134@yahoo.com
36,NOTARÍA 56, LOS REYES, MICHOACAN, CARACTER: TITULAR, PORTAL GUERRERO 18 INT. 3, CENTRO  LOS REYES, MICHOACAN, Socio desde: 2019, 01 354 5421 112,notaria56lr@prodigy.net.mx
37,NOTARÍA 18, ZAMORA, MICHOACAN, CARACTER: TITULAR, AMADO NERVO 117 OTE, CENTRO  ZAMORA, MICHOACAN, Socio desde: 1973, 01 351-512-31-41,martinez@zra.megared.net.mx
38,NOTARÍA 138, MORELIA, MICHOACAN, CARACTER: TITULAR, MANUEL DE LA PEÑA Y PEÑA 265, CHAPULTEPEC NTE.  MORELIA, MICHOACAN, Socio desde: 2004, 01 443 324 98 88,notaria138@hotmail.com
39,NOTARÍA 188, MORELIA, MICHOACAN, CARACTER: TITULAR, BATALLA DE LA ANGOSTURA 59, COL. CHAPULTEPEC NORTE  MORELIA, MICHOACAN, Socio desde: 2015, 01 443 68 86 370,notario188@hotmail.com
40,NOTARÍA 144, TARIMBARO, MICHOACAN, CARACTER: TITULAR, AVENIDA ERANDENI 700 INT. 38 PLAZA ERANDINI, FRACCIONAMIENTO ERANDENI  TARIMBARO, MICHOACAN, Socio desde: 2010, 01 443 343 04 45,notaria144@hotmail.com
41,NOTARÍA 87, TACAMBARO, MICHOACAN, CARACTER: TITULAR, JOSE MA MORELOS 56, CENTRO  TACAMBARO, MICHOACAN, Socio desde: 2016, 01 459 59 62 479,not87tacambaro@gmail.com
42,NOTARÍA 37, ZACAPU, MICHOACAN, CARACTER: TITULAR, PLAZA FRAY JACOBO DACIANO 4, CENTRO  ZACAPU, MICHOACAN, Socio desde: 2004, 01 436 36 307 17,not37zacapu@hotmail.com
43,NOTARÍA 162, ZITACUARO, MICHOACAN, CARACTER: TITULAR, CALLE 5 DE MAYO SUR 31 INT. 2, CENTRO  ZITACUARO, MICHOACAN, Socio desde: 2008, 01 715 1567 259,gerardoluvianonotario162@yahoo.es
44,NOTARÍA 160, VISTA HERMOSA, MICHOACAN, CARACTER: TITULAR, CAPITAN AZUETA 77 INT. B, CENTRO  VISTA HERMOSA, MICHOACAN, Socio desde: 2011, ,notaria_publica_160@hotmail.com
45,NOTARÍA 107, ZINAPECUARO, MICHOACAN, CARACTER: TITULAR, AV. MORELOS 22, CENTRO  ZINAPECUARO, MICHOACAN, Socio desde: 1999, ,not.grim@hotmail.com
46,NOTARÍA 79, URUAPAN, MICHOACAN, CARACTER: TITULAR, AV. LATINOAMERICA 1950, FRACC. SAN JOSE OBRERO  URUAPAN, MICHOACAN, Socio desde: 1993, 01 452-523-67-11,notariapub79@prodigy.net.mx
47,NOTARÍA 71, TANGANCICUARO , MICHOACAN, CARACTER: TITULAR, RAMON SILVA AL VAREZ 171 INT. B, CENTRO  TANGANCICUARO , MICHOACAN, Socio desde: 2016, 01 355 55 35 298,gsuarez_lic@hotmail.com
48,NOTARÍA 70, COAHUAYANA DE HIDALGO, MICHOACAN, CARACTER: TITULAR, PROLONGACION AVENIDA CONSTITUCION 780, CENTRO  COAHUAYANA DE HIDALGO, MICHOACAN, Socio desde: 2016, 01 313 32 700 50,hamemeruiz@hotmail.com
49,NOTARÍA 158, TARIMBARO, MICHOACAN, CARACTER: TITULAR, FRANCISCO JAVIER MINA ORIENTE 553, CENTRO  TARIMBARO, MICHOACAN, Socio desde: 2011, 01 443 387 6699,notariapublica.158@hotmail.com
50,NOTARÍA 140, URUAPAN, MICHOACAN, CARACTER: TITULAR, COLOMBIA 8077, PASEOS DE LOS ANGELES  URUAPAN, MICHOACAN, Socio desde: 2009, 01 452 503 0567,notaria140mich@hotmail.com
51,NOTARÍA 84, ARTEAGA, MICHOACAN, CARACTER: TITULAR, AV. LAZARO CARDENAS 196, CENTRO  ARTEAGA, MICHOACAN, Socio desde: 1999, ,notariapublica84@live.com.mx
52,NOTARÍA 5, MORELIA, MICHOACAN, CARACTER: TITULAR, GENERAL ANAYA 439, CHAPULTEPEC SUR  MORELIA, MICHOACAN, Socio desde: 1989, 01 443-324-54-07,notaria.5.mich@hotmail.com
53,NOTARÍA 136, MORELIA, MICHOACAN, CARACTER: TITULAR, AVENIDA CAMELINAS 2180 INT. A, FRACC CAMELINAS  MORELIA, MICHOACAN, Socio desde: 2014, ,horaciovillicana@gmail.com
54,NOTARÍA 67, JACONA, MICHOACAN, CARACTER: TITULAR, AMADO NERVO ORIENTE 79, CENTRO  JACONA, MICHOACAN, Socio desde: 2008, 01 35 15 161 606,ibmnot67@prodigy.net.mx
55,NOTARÍA 90, PATZCUARO, MICHOACAN, CARACTER: TITULAR, AHUMADA 10, CENTRO  PATZCUARO, MICHOACAN, Socio desde: 2010, 01 434 342 5344,notaria90patz@gmail.com
56,NOTARÍA 114, PATZCUARO, MICHOACAN, CARACTER: TITULAR, PORTAL ARTEAGA 2, CENTRO  PATZCUARO, MICHOACAN, Socio desde: 2010, 01 434 342 3148,notaria_114@hotmail.com
57,NOTARÍA 97, MORELIA, MICHOACAN, CARACTER: TITULAR, VIRREY DE MENDOZA 228, CENTRO  MORELIA, MICHOACAN, Socio desde: 2014, ,notaria97@hotmail.com
58,NOTARÍA 63, LAZARO CARDENAS, MICHOACAN, CARACTER: TITULAR, H. ESCUELA NAVAL MILITAR 526, CENTRO  LAZARO CARDENAS, MICHOACAN, Socio desde: 2010, 01 753 537 0487,notariapublica_63_lzc@hotmail.com
59,NOTARÍA 113, APATZINGAN, MICHOACAN, CARACTER: TITULAR, FRANCISCO J. MUJICA 18 OTE, CENTRO  APATZINGAN, MICHOACAN, Socio desde: 2004, 01 453 534 03 43,notaria113@hotmail.com
60,NOTARÍA 16, LA PIEDAD, MICHOACAN, CARACTER: TITULAR, 42263 77, CENTRO  LA PIEDAD, MICHOACAN, Socio desde: 2006, LOS MISMOS,notario16mich@hotmail.com
61,NOTARÍA 166, LAZARO CARDENAS, MICHOACAN, CARACTER: TITULAR, PLAZA TABACHINES LOCAL 20, CENTRO  LAZARO CARDENAS, MICHOACAN, Socio desde: 2012, ,notariapublica166@hotmail.com
62,NOTARÍA 182, TARIMBARO, MICHOACAN, CARACTER: TITULAR, CARRETERA MORELIA SALAMANCA 6260, LOS ANGELES  TARIMBARO, MICHOACAN, Socio desde: 2016, 443 343 08 45,notaria182tarimbaro@gmail.com
63,NOTARÍA 179, MORELIA, MICHOACAN, CARACTER: TITULAR, MATURINO GILBERTI 43, LA RINCONADA  MORELIA, MICHOACAN, Socio desde: 2014, ,javiercald@hotmail.com
64,NOTARÍA 117, PATZCUARO, MICHOACAN, CARACTER: TITULAR, IBARRA 82, CENTRO  PATZCUARO, MICHOACAN, Socio desde: 2002, (01434)3-42-58-77,javiernotario117@hotmail.com
65,NOTARÍA 130, PENJAMILLO, MICHOACAN, CARACTER: TITULAR, MORELOS 25 INT. 7, CENTRO  PENJAMILLO, MICHOACAN, Socio desde: 2016, 01 359 52 40196,notariapublica130@hotmail.com
66,NOTARÍA 125, MORELIA, MICHOACAN, CARACTER: TITULAR, BELISARIO DOMINGUEZ 67 INT. DESPACHO 3, CENTRO  MORELIA, MICHOACAN, Socio desde: 2005, 01 44 33 15 65 93,notaria125jtp@prodigy.net.mx
67,NOTARÍA 103, TACAMBARO, MICHOACAN, CARACTER: TITULAR, PORTAL MATAMOROS 9, CENTRO  TACAMBARO, MICHOACAN, Socio desde: 2014, ,notario103@gmail.com
68,NOTARÍA 55, HUETAMO, MICHOACAN, CARACTER: TITULAR, AQUILES SERDAN 11, CENTRO  HUETAMO, MICHOACAN, Socio desde: 2013, 01435 102 2305,notaria55michoacan@hotmail.com
69,NOTARÍA 132, MORELIA, MICHOACAN, CARACTER: TITULAR, JUAN ESCUTIA 575, CHAPULTEPEC SUR  MORELIA, MICHOACAN, Socio desde: 2008, 01 443 315 0664,notaria132@gmail.com
70,NOTARÍA 8, LA PIEDAD , MICHOACAN, CARACTER: TITULAR, SIMON BOLIVAR 55, CENTRO  LA PIEDAD , MICHOACAN, Socio desde: 2016, 35 25 22 36 88,notariaocholapiedad@hotmail.com
71,NOTARÍA 73, LA PIEDAD, MICHOACAN, CARACTER: TITULAR, 16 DE SEPTIEMBRE 50, CENTRO  LA PIEDAD, MICHOACAN, Socio desde: 2011, 01 352 522 45 31,notaria73mich@yahoo.com.mx
72,NOTARÍA 189, QUERENDARO, MICHOACAN, CARACTER: TITULAR, HIDALGO 17 INT. B, CENTRO  QUERENDARO, MICHOACAN, Socio desde: 2016, 014513526726,notaria189@hotmail.com
73,NOTARÍA 129, ZAMORA, MICHOACAN, CARACTER: TITULAR, MORELOS SUR 590, JARDINES DE CATEDRAL  ZAMORA, MICHOACAN, Socio desde: 2013, 01 3515120121,arguello@zra.megared.net.mx
74,NOTARÍA 154, CHARO, MICHOACAN, CARACTER: TITULAR, EMILIANO ZAPATA 139, CENTRO  CHARO, MICHOACAN, Socio desde: 2012, ,notariacalderon154@hotmail.com
75,NOTARÍA 151, LA PIEDAD , MICHOACAN, CARACTER: TITULAR, PORTAL MORELOS 18 INT. 18, CENTRO  LA PIEDAD , MICHOACAN, Socio desde: 2016, 352 52 20001,herjus03@hotmail.com
76,NOTARÍA 38, ZITACUARO, MICHOACAN, CARACTER: TITULAR, 5 DE MAYO SUR 41 INT. A, CENTRO  ZITACUARO, MICHOACAN, Socio desde: 2018, 01 715 153 84 85,notario38@hotmail.com
77,NOTARÍA 150, MORELIA, MICHOACAN, CARACTER: TITULAR, PANAMA 104, LAS AMERICAS  MORELIA, MICHOACAN, Socio desde: 2009, 01 443 204 0249,notaria150@gmail.com
78,NOTARÍA 21, LAZARO CARDENAS, MICHOACAN, CARACTER: TITULAR, AV. MELCHOR OCAMPO 388 INT. PLANTA BAJA, TERCER SECTOR  LAZARO CARDENAS, MICHOACAN, Socio desde: 2004, 01 753 53 753 16,notariapublica21michoacan@hotmail.com
79,NOTARÍA 1, MORELIA, MICHOACAN, CARACTER: TITULAR, AVENIDA ACUEDUCTO 394, CHAPULTEPEC NORTE  MORELIA, MICHOACAN, Socio desde: 2008, 01 443 314 7428,not1solorzano@hotmail.com
80,NOTARÍA 7, MORELIA, MICHOACAN, CARACTER: TITULAR, MELCHOR OCAMPO 50 Y 52, CENTRO  MORELIA, MICHOACAN, Socio desde: 2017, 01 443 31 20 231,juanadolfo.cano@notariasiete.mx
81,NOTARÍA 30, MORELIA, MICHOACAN, CARACTER: TITULAR, RIO TEPALCATEPEC 134, VENTURA PUENTE  MORELIA, MICHOACAN, Socio desde: , 3 14 34 38,notaria30mlm@gmail.com
82,NOTARÍA 23, JIQUILPAN, MICHOACAN, CARACTER: TITULAR, GENERAL ORNELAS 89 INT. 5, CENTRO  JIQUILPAN, MICHOACAN, Socio desde: 2000, ,notario23jm@prodigy.net.mx
83,NOTARÍA 98, LOS REYES, MICHOACAN, CARACTER: TITULAR, ALLENDE NORTE 18 INT. A, CENTRO  LOS REYES, MICHOACAN, Socio desde: 1994, ,maldonadovalenciajm@prodigy.net.mx
84,NOTARÍA 131, ZAMORA, MICHOACAN, CARACTER: TITULAR, GUERRERO OTE 20 INT. B, CENTRO  ZAMORA, MICHOACAN, Socio desde: 2018, 01 351 512 44 45,jrr1313@hotmail.com
85,NOTARÍA 143, SAHUAYO , MICHOACAN, CARACTER: TITULAR, GUERRERO 178, CENTRO  SAHUAYO , MICHOACAN, Socio desde: 2019, 01 353 53 2 42 87,julionotario143@gmail.com
86,NOTARÍA 111, ZAMORA, MICHOACAN, CARACTER: TITULAR, CORREGIDORA OTE. 35, CENTRO  ZAMORA, MICHOACAN, Socio desde: 2009, ,kdrv241@hotmail.com
87,NOTARÍA 86, MORELIA, MICHOACAN, CARACTER: TITULAR, AV. FRANCISCO I. MADERO OTE 739, CENTRO  MORELIA, MICHOACAN, Socio desde: 2000, 01 443* 3-13-32-54,notario86morelia@gmail.com
88,NOTARÍA 69, ZINAPECUARO, MICHOACAN, CARACTER: TITULAR, AVENIDA HIDALGO 42 INT. LETRA A, CENTRO  ZINAPECUARO, MICHOACAN, Socio desde: 2010, ,servinleonardo@hotmail.com
89,NOTARÍA 170, URUAPAN, MICHOACAN, CARACTER: TITULAR, CAMELINAS 33, Fracc. Huertas del Cupatitzio  URUAPAN, MICHOACAN, Socio desde: 2012, ,colegionacional@notaria170.com
90,NOTARÍA 28, ZACAPU, MICHOACAN, CARACTER: TITULAR, HIDALGO 5, CENTRO  ZACAPU, MICHOACAN, Socio desde: 2016, 436 36 30 589,nanina28@hotmail.com
91,NOTARÍA 62, APATZINGAN, MICHOACAN, CARACTER: SUPLENTE, AV. CONSTITUCION DE 1814 SUR 15 INT. 3 Y 4, CENTRO  APATZINGAN, MICHOACAN, Socio desde: 2009, 01 453 534 0746,notaria62mich@hotmail.com
92,NOTARÍA 123, MORELIA, MICHOACAN, CARACTER: TITULAR, VIRREY DE MENDOZA 1785 INT. B, FELIX IRETA  MORELIA, MICHOACAN, Socio desde: 2006, 01 443 340 0122,lcge@prodigy.net.mx
93,NOTARÍA 10, APATZINGAN , MICHOACAN, CARACTER: SUPLENTE, FRANCISCO J. MUJICA PONIENTE 27 INT. 1, CENTRO  APATZINGAN , MICHOACAN, Socio desde: 2018, 01 453 534 05 06,notaria10@apatzingan.com
94,NOTARÍA 57, ZITACUARO, MICHOACAN, CARACTER: TITULAR, 5 DE MAYO SUR 1, CENTRO  ZITACUARO, MICHOACAN, Socio desde: 2010, ,robles3110@hotmail.com
95,NOTARÍA 2, ZAMORA DE HIDALGO, MICHOACAN, CARACTER: TITULAR, MADERO SUR 317, ZAMORA DE HIDALGO CENTRO  ZAMORA DE HIDALGO, MICHOACAN, Socio desde: 2015, 3515 121119,fernandoalcocer@notaria2.mx
96,NOTARÍA 173, LAZARO CARDENAS, MICHOACAN, CARACTER: TITULAR, AVENIDA MELCHOR OCAMPO 12 INT. 1, 2DO. SECTOR FIDELAC  LAZARO CARDENAS, MICHOACAN, Socio desde: 2012, 01 737 537 5497,loyafam@yahoo.com
97,NOTARÍA 33, TACAMBARO, MICHOACAN, CARACTER: TITULAR, ABASOLO 34, CENTRO  TACAMBARO, MICHOACAN, Socio desde: 2013, ,licfertrevino@live.com.mx
98,NOTARÍA 11, URUAPAN, MICHOACAN, CARACTER: TITULAR, AV. CANANEA 850 INT. 11, LOS ANGELES  URUAPAN, MICHOACAN, Socio desde: 1993, 01 452-524-22-84,luisloya@notariaoncemich.com
99,NOTARÍA 41, LAZARO CARDENAS, MICHOACAN, CARACTER: TITULAR, NICOLAS BRAVO 189, CENTRO  LAZARO CARDENAS, MICHOACAN, Socio desde: 1976, ,not41lcmich@gmail.com
100,NOTARÍA 186, CIUDAD LAZARO CARDENAS, MICHOACAN, CARACTER: TITULAR, AVENIDA LAZARO CARDENAS 1983-ALTOS, CENTRO  CIUDAD LAZARO CARDENAS, MICHOACAN, Socio desde: 2015, 01 753 537 7226,notaria186@outlook.com
101,NOTARÍA 122, MUGICA, MICHOACAN, CARACTER: TITULAR, AV. LAZARO CARDENAS 181 NTE, CENTRO  MUGICA, MICHOACAN, Socio desde: 2002, 0142 5535 3097,notary_122@hotmail.com
102,NOTARÍA 39, SAHUAYO, MICHOACAN, CARACTER: TITULAR, ABASOLO 46, CENTRO  SAHUAYO, MICHOACAN, Socio desde: 1990, 01 353-532-12-40,magabar@prodigy.net.mx
103,NOTARÍA 43, COALCOMAN, MICHOACAN, CARACTER: TITULAR, ZARAGOZA 13 INT. A, CENTRO  COALCOMAN, MICHOACAN, Socio desde: 2007, 01 424 53 30761,licmoreno43@hotmail.com
104,NOTARÍA 163, MARAVATIO, MICHOACAN, CARACTER: TITULAR, MELCHOR OCAMPO 5 ALTOS, CENTRO  MARAVATIO, MICHOACAN, Socio desde: 2011, 01 447 478 4349,notaria163maravatio@hotmail.com
105,NOTARÍA 95, MORELIA, MICHOACAN, CARACTER: TITULAR, AVENIDA CAMELINAS 3233 INT. 214, LAS AMERICAS  MORELIA, MICHOACAN, Socio desde: 2019, 0144 33 24 05 62,notaria_95mich@hotmail.com
106,NOTARÍA 60, MORELIA, MICHOACAN, CARACTER: TITULAR, ALVARO OBREGON 172, CENTRO  MORELIA, MICHOACAN, Socio desde: 2008, LOS MISMOS,notaria60_cano@yahoo.com.mx
107,NOTARÍA 120, MORELIA, MICHOACAN, CARACTER: TITULAR, AV. DEL ESTUDIANTE 124, MATAMOROS  MORELIA, MICHOACAN, Socio desde: 2002, (01443)314-4416,ocharan120@yahoo.com.mx
108,NOTARÍA 89, MORELIA, MICHOACAN, CARACTER: SUPLENTE, SEBASTIAN LERDO DE TEJADA 72, CENTRO  MORELIA, MICHOACAN, Socio desde: 1994, MISMOS,notaria.89@hotmail.com
109,NOTARÍA 34, MORELIA, MICHOACAN, CARACTER: TITULAR, 20 DE NOVIEMBRE 64, CENTRO  MORELIA, MICHOACAN, Socio desde: 2001, 01 443 312 33 90,notaria34morelia@prodigy.net.mx
110,NOTARÍA 153, ACUITZIO DEL CANJE, MICHOACAN, CARACTER: TITULAR, PORTAL HIDALGO 8 INT. ALTOS, CENTRO  ACUITZIO DEL CANJE, MICHOACAN, Socio desde: 2013, 4343882401,notaria153mich@hotmail.com
111,NOTARÍA 176, JOSE SIXTO VERDUZCO, MICHOACAN, CARACTER: TITULAR, PLAZA PRINCIPAL 64B, CENTRO  JOSE SIXTO VERDUZCO, MICHOACAN, Socio desde: 2013, ,notaria.176@hotmail.com
112,NOTARÍA 105, MORELIA, MICHOACAN, CARACTER: TITULAR, AV. FRANCISCO I. MADERO OTE 556, CENTRO  MORELIA, MICHOACAN, Socio desde: 1998, 01 443* 313-97-21,notaria105@yahoo.com.mx
113,NOTARÍA 169, LA PIEDAD, MICHOACAN, CARACTER: TITULAR, MADERO 130 INT. PLANTA BAJA, CENTRO  LA PIEDAD, MICHOACAN, Socio desde: 2012, 01 352 522 0814,notariapublica169@hotmail.com
114,NOTARÍA 77, QUIROGA, MICHOACAN, CARACTER: TITULAR, ALDAMA 2, CENTRO  QUIROGA, MICHOACAN, Socio desde: 2014, ,notariapublicano.77@hotmail.com
115,NOTARÍA 149, ZAMORA , MICHOACAN, CARACTER: TITULAR, OCAMPO PONIENTE 48, CENTRO  ZAMORA , MICHOACAN, Socio desde: 2016, 351 51 23 769,notariapublica149@hotmail.com
116,NOTARÍA 165, MORELIA, MICHOACAN, CARACTER: TITULAR, PISPERAMA 219, VISTA BELLA  MORELIA, MICHOACAN, Socio desde: 2012, ,notaria165arellano@hotmail.com
117,NOTARÍA 75, LA PIEDAD, MICHOACAN, CARACTER: TITULAR, MARIANO JIMENEZ 186 INT. ALTOS, CENTRO  LA PIEDAD, MICHOACAN, Socio desde: 2004, 01 352 52 220 66,notaria75@hotmail.com
118,NOTARÍA 76, MARAVATIO, MICHOACAN, CARACTER: TITULAR, CALLE ALVARO OBREGON 96, CENTRO  MARAVATIO, MICHOACAN, Socio desde: 1988, 01 447-478-21-45,moisam96@hotmail.com
119,NOTARÍA 50, URUAPAN, MICHOACAN, CARACTER: TITULAR, NICOLAS BRAVO 6 INT. 1, CENTRO  URUAPAN, MICHOACAN, Socio desde: 1999, ,notaria50mich@prodigy.net.mx
120,NOTARÍA 133, MORELIA, MICHOACAN, CARACTER: SUPLENTE, H. COLEGIO MILITAR 678, CHAPULTEPEC ORIENTE  MORELIA, MICHOACAN, Socio desde: 2015, 443 312 7454,notaria133@hotmail.com
121,NOTARÍA 52, MORELIA, MICHOACAN, CARACTER: TITULAR, FRAY MANUEL NAVARRETE 53, CENTRO  MORELIA, MICHOACAN, Socio desde: 1999, 0144 3313 5969,notaria52@prodigy.net.mx
122,NOTARÍA 181, MORELIA, MICHOACAN, CARACTER: TITULAR, JUAN ESCUTIA 68, CHAPULTEPEC NORTE  MORELIA, MICHOACAN, Socio desde: 2015, 01 443 324 8291,notaria181morelia@gmail.com
123,NOTARÍA 131, ZAMORA DE HIDALGO, MICHOACAN, CARACTER: SUPLENTE, GUERRERO OTE 43, ZAMORA  ZAMORA DE HIDALGO, MICHOACAN, Socio desde: 2018, 01 351 51 2 44 45,notariapublica131@gmail.com
124,NOTARÍA 82, APATZINGAN, MICHOACAN, CARACTER: TITULAR, MELCHOR OCAMPO 799, FRANCISCO VILLA  APATZINGAN, MICHOACAN, Socio desde: 2014, ,notariapublica_82@hotmail.com
125,NOTARÍA 14, MORELIA, MICHOACAN, CARACTER: TITULAR, AVENIDA VENEZUELA 296, FRACCIONAMIENTO LAS AMERICAS  MORELIA, MICHOACAN, Socio desde: 2002, LOS MISMOS,servinpatricia@hotmail.com
126,NOTARÍA 13, MORELIA, MICHOACAN, CARACTER: TITULAR, GOB. ENRIQUE RAMIREZ 73, MORELIA CENTRO  MORELIA, MICHOACAN, Socio desde: 2015, 01 443 2932 540,notariaocegueda13@gmail.com
127,NOTARÍA 121, MORELIA, MICHOACAN, CARACTER: TITULAR, ARTILLEROS DE 1847 1040, CHAPULTEPEC SUR  MORELIA, MICHOACAN, Socio desde: 2004, 01 443 387 64 72,notaria_121_mich@hotmail.com
128,NOTARÍA 157, QUIROGA, MICHOACAN, CARACTER: TITULAR, PORTAL ALLENDE 4 INT. C, CENTRO  QUIROGA, MICHOACAN, Socio desde: 2014, ,navavallejo157@gmail.com
129,NOTARÍA 187, URUAPAN, MICHOACAN, CARACTER: TITULAR, DURANGO 3 INT. A, RAMON FARIAS  URUAPAN, MICHOACAN, Socio desde: 2016, 4521385459,notaria187@hotmail.com
130,NOTARÍA 112, ZAMORA, MICHOACAN, CARACTER: TITULAR, GUERRERO 51 PTE, CENTRO  ZAMORA, MICHOACAN, Socio desde: 1999, 0135 1515 0390,rca@notaria112mich.mx
131,NOTARÍA 104, PARACHO, MICHOACAN, CARACTER: TITULAR, 18 DE MARZO 33, CENTRO  PARACHO, MICHOACAN, Socio desde: 2016, 4235250875,notariapublica104@hotmail.com
132,NOTARÍA 139, LAZARO CARDENAS, MICHOACAN, CARACTER: TITULAR, ANDADOR TLAXCALA 1 INT. LETRA A, PRIMER SECTOR DE FIDELAC  LAZARO CARDENAS, MICHOACAN, Socio desde: 2016, 7535320224,morales_notaria139@hotmail.com
133,NOTARÍA 172, LOS REYES, MICHOACAN, CARACTER: TITULAR, IGNACIO LOPEZ RAYON 63, CENTRO  LOS REYES, MICHOACAN, Socio desde: 2013, ,notariapublica_172_losreyes@hotmail.com
134,NOTARÍA 175, ZAMORA, MICHOACAN, CARACTER: TITULAR, HOLANDA 125, LOS LAURELES  ZAMORA, MICHOACAN, Socio desde: 2012, 01 351 512 5700,notaria175@hotmail.com
135,NOTARÍA 106, MORELIA, MICHOACAN, CARACTER: TITULAR, JUAREZ 574, FELICITAS DEL RIO  MORELIA, MICHOACAN, Socio desde: 1999, ,notaria106@hotmail.com
136,NOTARÍA 137, MORELIA, MICHOACAN, CARACTER: TITULAR, CUAUTLA 159, CENTRO  MORELIA, MICHOACAN, Socio desde: 2014, 01 443 317 05 00,notaria137_mich@outlook.es
137,NOTARÍA 161, TANHUATO, MICHOACAN, CARACTER: TITULAR, MADERO 25, CENTRO  TANHUATO, MICHOACAN, Socio desde: 2011, 01 356 567 1115,notaria161mich@yahoo.com
138,NOTARÍA 25, MORELIA, MICHOACAN, CARACTER: TITULAR, IRETITICATEME 179, FELIX IRETA  MORELIA, MICHOACAN, Socio desde: 2013, ,notaria_25@infinitum.com.mx
139,NOTARÍA 126, COTIJA DE LA PAZ, MICHOACAN, CARACTER: TITULAR, PINO SUAREZ 89 INT. 8, CENTRO  COTIJA DE LA PAZ, MICHOACAN, Socio desde: 2016, 01394 534 3509,notariapublica126@yahoo.com.mx
140,NOTARÍA 168, ZITACUARO, MICHOACAN, CARACTER: TITULAR, LEANDRO VALLE SUR 9, MELCHOR OCAMPO  ZITACUARO, MICHOACAN, Socio desde: 2017, 01 715 153 0869,notaria_publica_168@hotmail.com
141,NOTARÍA 124, TEPALCATEPEC, MICHOACAN, CARACTER: TITULAR, AV. MIGUEL HIDALGO 8, CENTRO  TEPALCATEPEC, MICHOACAN, Socio desde: 2002, (01424)536-07-73,notaria124mich@prodigy.net.mx
142,NOTARÍA 81, MORELIA, MICHOACAN, CARACTER: TITULAR, AQUILES SERDAN 501, CENTRO HISTORICO  MORELIA, MICHOACAN, Socio desde: 1995, 01 443 313-7753,cocaluis@prodigy.net.mx
143,NOTARÍA 167, TARIMBARO, MICHOACAN, CARACTER: TITULAR, CHICALOTE 90, ERANDENI  TARIMBARO, MICHOACAN, Socio desde: 2013, ,notaria167vmartinez@hotmail.com
144,NOTARÍA 4, ZACAPU, MICHOACAN, CARACTER: TITULAR, MADERO NORTE 29 INT. A, ZACAPU CENTRO  ZACAPU, MICHOACAN, Socio desde: 2014, ,np04.mich@outlook.com
145,NOTARÍA 94, MORELIA, MICHOACAN, CARACTER: TITULAR, MARIANO ELIZAGA 113, CENTRO  MORELIA, MICHOACAN, Socio desde: 2006, 01 443 312 37 23,yadiranot94@hotmail.com
146,NOTARÍA 72, COALCOMAN, MICHOACAN, CARACTER: TITULAR, MORELOS ORIENTE 37, CENTRO  COALCOMAN, MICHOACAN, Socio desde: 1990, ,notaria72coalcoman@hotmail.com
