,0,1,2,3,4,5,6,7,8,11,12
0,NOTARÍA 7, POZA RICA, VERACRUZ, CARACTER: TITULAR, BLVD. ADOLFO RUIZ CORTINEZ 504, OBRAS SOCIALES  POZA RICA, VERACRUZ, Socio desde: 2007, 7828224511,rcapitanachi@prodigy.net.mx,
1,NOTARÍA 11, TIHUATLAN, VERACRUZ, CARACTER: TITULAR, BLVD. ACCESO AL PUENTE CAZONES II S/N INT. 1 – ALTOS, PLAN DE AYALA  TIHUATLAN, VERACRUZ, Socio desde: 2010, 01 782 111 8675,notaria11t@prodigy.net.mx,
2,NOTARÍA 44, TLALIXCOYAN, VERACRUZ, CARACTER: TITULAR, HEROE DE NACOZARI 104 INT. BIS, CENTRO PIEDRAS NEGRAS  TLALIXCOYAN, VERACRUZ, Socio desde: 2011, ,notaria44tlalixcoyan@gmail.com,
3,NOTARÍA 27, COATZACOALCOS, VERACRUZ, CARACTER: TITULAR, GUTIERREZ ZAMORA 403 INT. B, CENTRO  COATZACOALCOS, VERACRUZ, Socio desde: 2005, 0192 1212 0280,aroche74@hotmail.com,
4,NOTARÍA 23, VERACRUZ, VERACRUZ, CARACTER: TITULAR, BLVD. MANUEL AVILA CAMACHO PLAZA ACUARIO INT. 4 PLANTA ALTA, FLORES MAGON  VERACRUZ, VERACRUZ, Socio desde: 2005, ,comunicados@notaria23veracruz.com.mx,
5,NOTARÍA 4, COATEPEC, VERACRUZ, CARACTER: TITULAR, TERAN 60, COATEPEC CENTRO  COATEPEC, VERACRUZ, Socio desde: 2015, 228 8160 140,notaria4coatepec@gmail.com,
6,NOTARÍA 5, CORDOBA, VERACRUZ, CARACTER: TITULAR, AV. 1 516 INT. ALTOS, CENTRO  CORDOBA, VERACRUZ, Socio desde: 1981, 01 271 712 5756,not5cor@hotmail.com,
7,NOTARÍA 7, JALTIPAN, VERACRUZ, CARACTER: TITULAR, IGNACIO DE LA LLAVE 305, CENTRO  JALTIPAN, VERACRUZ, Socio desde: 2011, 01 922 264 8248,notaria7jaltipan@hotmail.com,
8,NOTARÍA 20, TEZONAPA, VERACRUZ, CARACTER: TITULAR, CALLE DEHESA 3, CENTRO  TEZONAPA, VERACRUZ, Socio desde: 2012, 01 272 107 8712,avallejom@hotmail.com,
9,NOTARÍA 10, ORIZABA, VERACRUZ, CARACTER: TITULAR, SUR 5 NOS 157 Y 167, CENTRO  ORIZABA, VERACRUZ, Socio desde: 1995, 01(272) 725-09-16,notariapublica10@yahoo.com.mx,
10,NOTARÍA 18, MARIANO ESCOBEDO, VERACRUZ, CARACTER: TITULAR, CAMINO A CHICOLA S/N, FRACC. LOS PINOS  MARIANO ESCOBEDO, VERACRUZ, Socio desde: 2011, ,notaria18me@correoprodigy.com,
11,NOTARÍA 23, CHINAMECA, VERACRUZ, CARACTER: TITULAR, AV. 16 DE SEPTIEMBRE S/N, BARRIO TONALAPA  CHINAMECA, VERACRUZ, Socio desde: 2010, 01 922 261 1468,aldues5@hotmail.com,
12,NOTARÍA 3, CORDOBA, VERACRUZ, CARACTER: TITULAR, AV. 2 100 INT. DESP 6, CENTRO  CORDOBA, VERACRUZ, Socio desde: 1997, 0127 1712 0774,notaria3cordoba@hotmail.com,
13,NOTARÍA 10, CORDOBA, VERACRUZ, CARACTER: TITULAR, AVENIDA 1 810, CORDOBA CENTRO  CORDOBA, VERACRUZ, Socio desde: 2016, 2717 179945,nota10cor@prodigy.net.mx,
14,NOTARÍA 30, VERACRUZ, VERACRUZ, CARACTER: TITULAR, 1RO. DE MAYO 655, FLORES MAGON  VERACRUZ, VERACRUZ, Socio desde: 2001, LOS MISMOS,errasquin@notaria30veracruz.com.mx,
15,NOTARÍA 19, BANDERILLA, VERACRUZ, CARACTER: TITULAR, LIBERTAD 49 INT. 1, CENTRO  BANDERILLA, VERACRUZ, Socio desde: 2010, 01 228 811 2836,alfonso_26@hotmail.com,
16,NOTARÍA 21, AGUA DULCE, VERACRUZ, CARACTER: TITULAR, CALLE CUICHAPA 152, CUATRO CAMINOS  AGUA DULCE, VERACRUZ, Socio desde: 2012, ,alfredoheca18@hotmail.com,
17,NOTARÍA 18, VERACRUZ, VERACRUZ, CARACTER: TITULAR, DR. ALFREDO IGLESIAS 442, FRACCIONAMIENTO REFORMA  VERACRUZ, VERACRUZ, Socio desde: 2004, 0122 9931 8760,apichardo@notaria18veracruz.com,
18,NOTARÍA 9, VERACRUZ, VERACRUZ, CARACTER: TITULAR, ABASOLO 694 INT. ALTOS A Y B, CENTRO  VERACRUZ, VERACRUZ, Socio desde: 2010, 01 22993254 67,notaria9_veracruz@hotmail.com,
19,NOTARÍA 2, PAPANTLA , VERACRUZ, CARACTER: TITULAR, JOSE AZUETA 198 INT. ALTOS, CENTRO  PAPANTLA , VERACRUZ, Socio desde: 2017, 01 784 842 6910,vagab@prodigy.net.mx,
20,NOTARÍA 9, LERDO DE TEJADA, VERACRUZ, CARACTER: TITULAR, JUAN DE LA LUZ ENRIQUEZ 101 INT. ALTOS, CENTRO  LERDO DE TEJADA, VERACRUZ, Socio desde: 2002, 01 284 94 416 16,notarianueve@hotmail.com,
21,NOTARÍA 35, EMILIANO ZAPATA, VERACRUZ, CARACTER: TITULAR, CARRETERA FEDERAL XALAPA VERACRUZ KM 14.82, MIRADORES DEL MAR  EMILIANO ZAPATA, VERACRUZ, Socio desde: 2011, ,notaria35.ez@gmail.com,
22,NOTARÍA 2, JALACINGO, VERACRUZ, CARACTER: TITULAR, URSULO GALVAN 84 INT. 3er PISO, CENTRO  JALACINGO, VERACRUZ, Socio desde: 2004, 0122 6318 2108,notaria2jalacingo@hotmail.com,
23,NOTARÍA 12, XALAPA, VERACRUZ, CARACTER: TITULAR, SAN ROQUE 101, UNIDADA VERACRUZANA  XALAPA, VERACRUZ, Socio desde: 2010, 01 228 817 6093,antonio_limon@hotmail.com,
24,NOTARÍA 61, BOCA DEL RIO, VERACRUZ, CARACTER: TITULAR, COSTA VERDE 51 ALTOS, FRACC. VIRIGINIA  BOCA DEL RIO, VERACRUZ, Socio desde: 2006, 01 229 937 7175,notaria61_veracruz@hotmail.com,
25,NOTARÍA 9, VERACRUZ, VERACRUZ, CARACTER: ADSCRITO, MIGUEL HIDALGO 801, BARRIO PETROLEO  VERACRUZ, VERACRUZ, Socio desde: 2017, 01 924 24 70 188,notaria_publica9@live.com.mx,
26,NOTARÍA 8, POZA RICA, VERACRUZ, CARACTER: ADSCRITO, AVENIDA 6 NORTE 508, OBRERA  POZA RICA, VERACRUZ, Socio desde: 2007, 01 782 82 38021,notaria8pozarica@notariadomexicano.org.mx,
27,NOTARÍA 51, EL TEJAR, VERACRUZ, CARACTER: ADSCRITO, INDEPENDENCIA 843 INT. E-ALTOS, CENTRO  EL TEJAR, VERACRUZ, Socio desde: 2017, 01 285 971 26 08,notaria51_ver@hotmail.com,
28,NOTARÍA 14, CAZONES DE HERRERA, VERACRUZ, CARACTER: TITULAR, REFORMA 140, CENTRO  CAZONES DE HERRERA, VERACRUZ, Socio desde: 2012, 01 784 887 0359,notariapublica14@hotmail.com,
29,NOTARÍA 10, TIHUATLAN, VERACRUZ, CARACTER: TITULAR, AVENIDA CUAUHTEMOC 87, CENTRO  TIHUATLAN, VERACRUZ, Socio desde: 2003, 01 746 84 303 85,notaria10pr@hotmail.com,
30,NOTARÍA 26, MINATITLAN, VERACRUZ, CARACTER: ADSCRITO, SALVADOR DIAZ MIRON 101, OBRERA  MINATITLAN, VERACRUZ, Socio desde: 2019, 045 922 12 201 14,carlosnotmina_42@hotmail.com,
31,NOTARÍA 10, TUXPAN, VERACRUZ, CARACTER: TITULAR, BOULEVARD REYES HEROLES 53-C, CENTRO  TUXPAN, VERACRUZ, Socio desde: 2011, 01 783 834 3636,notaria10-tuxpan@hotmail.com,
32,NOTARÍA 36, VERACRUZ, VERACRUZ, CARACTER: TITULAR, CONSTITUCION 124, CENTRO  VERACRUZ, VERACRUZ, Socio desde: 1994, 01(229) 931-31-87,cce@notaria36.com.mx,
33,NOTARÍA 5, IXHUATLAN DEL CAFE, VERACRUZ, CARACTER: TITULAR, PORTAL JUAREZ 5-A, CENTRO  IXHUATLAN DEL CAFE, VERACRUZ, Socio desde: 2017, 012737372174,carlos_cardenas_morales@hotmail.com,
34,NOTARÍA 52, JAMAPA, VERACRUZ, CARACTER: TITULAR, CALLE NORTE 5 20, CENTRO  JAMAPA, VERACRUZ, Socio desde: 2011, ,notaria52jamapa@hotmail.com,
35,NOTARÍA 13, ORIZABA, VERACRUZ, CARACTER: TITULAR, COLON PONIENTE 58, CENTRO  ORIZABA, VERACRUZ, Socio desde: 1977, ,notpub13@prodigy.net.mx,
36,NOTARÍA 8, COATEPEC, VERACRUZ, CARACTER: TITULAR, ZARAGOZA 41, CENTRO  COATEPEC, VERACRUZ, Socio desde: 2010, 01 228 841 1589,notaria8coatepec@hotmail.com,
37,NOTARÍA 24, CORDOBA, VERACRUZ, CARACTER: TITULAR, AVENIDA 1 1200, CENTRO  CORDOBA, VERACRUZ, Socio desde: 2011, ,not-24@hotmail.com,
38,NOTARÍA 45, ALVARADO, VERACRUZ, CARACTER: TITULAR, BLVD. BOCA DEL RIO ANTON LIZARDO 901 INT. LOCAL G-1, PLAZA VELEROS  ALVARADO, VERACRUZ, Socio desde: 2010, 01 229 956 4625,reynaud@notaria45alvarado.com,
39,NOTARÍA 60, VERACRUZ, VERACRUZ, CARACTER: TITULAR, CONSTITUCION 518, CENTRO  VERACRUZ, VERACRUZ, Socio desde: 2004, 01 229 938 0784,notaria60ver@prodigy.net.mx,
40,NOTARÍA 17, COATZACOALCOS, VERACRUZ, CARACTER: TITULAR, GUTIERREZ ZAMORA 403-B, ZONA CENTRO  COATZACOALCOS, VERACRUZ, Socio desde: 1983, 01 921 212 02 80,aroche74@hotmail.com,
41,NOTARÍA 20, VERACRUZ, VERACRUZ, CARACTER: ADSCRITO, AV. LOS GIRASOLES 4, FRACCIONAMIENTO LOS GIRASOLES  VERACRUZ, VERACRUZ, Socio desde: 2010, 01 228 820 0085,notaria_20@hotmail.com,
42,NOTARÍA 7, TUXPAN, VERACRUZ, CARACTER: TITULAR, JOSE MA. MORELOS 59, ZONA CENTRO  TUXPAN, VERACRUZ, Socio desde: 2000, MISMO TELEFONO,nota7tuxver@prodigy.net.mx,
43,NOTARÍA 14, VERACRUZ, VERACRUZ, CARACTER: TITULAR, ZARAGOZA 439, CENTRO  VERACRUZ, VERACRUZ, Socio desde: 2003, 01 229 932 75 99,informes@notaria14ver.com,
44,NOTARÍA 5, ALTOTONGA, VERACRUZ, CARACTER: ADSCRITO, 16 DE SEPTIEMBRE 18-A, CENTRO  ALTOTONGA, VERACRUZ, Socio desde: 2019, 01 226 316 07 12,notaria5altotonga@hotmail.com,
45,NOTARÍA 31, XALAPA, VERACRUZ, CARACTER: ADSCRITO, GENERAL SAN MARTIN 3, LOMA ESMERALDA  XALAPA, VERACRUZ, Socio desde: 2014, ,notaria31xalapa@gmail.com,
46,NOTARÍA 2, TANTOYUCA, VERACRUZ, CARACTER: TITULAR, FRANCISCO I. MADERO 215 INT. ALTOS, CENTRO  TANTOYUCA, VERACRUZ, Socio desde: 2008, ,notaria2.tantoyuca@yahoo.com.mx,
47,NOTARÍA 6, PEROTE, VERACRUZ, CARACTER: TITULAR, PINO SUAREZ 11 INT. 2 Y 3, CENTRO  PEROTE, VERACRUZ, Socio desde: 2009, 01 282 82 5 0156,lic_claudiapeto@yahoo.com.mx,
48,NOTARÍA 16, NOGALES, VERACRUZ, CARACTER: TITULAR, AV. BENITO JUAREZ 110, CENTRO  NOGALES, VERACRUZ, Socio desde: 2010, ,not16nog@gmail.com,
49,NOTARÍA 6, XALAPA, VERACRUZ, CARACTER: TITULAR, CALLE PRINCIPAL 4 INT. TORRE CENTRO MAYOR 17 F, PASTORESA  XALAPA, VERACRUZ, Socio desde: 2019, 01 228 688 94 14,danielreyesmoran@hotmail.com,
50,NOTARÍA 56, ALVARADO, VERACRUZ, CARACTER: TITULAR, JOAQUIN MARTINEZ 10 INT. BIS, CENTRO  ALVARADO, VERACRUZ, Socio desde: 2011, 12979730278,notaria56alvarado@hotmail.com,
51,NOTARÍA 43, MEDELLIN, VERACRUZ, CARACTER: TITULAR, PLAYA DE VACAS 778, CENTRO  MEDELLIN, VERACRUZ, Socio desde: 2010, 01 (229) 688 55 03,notario43@hotmail.com,
52,NOTARÍA 5, ACAYUCAN, VERACRUZ, CARACTER: TITULAR, PORFIRIO DIAZ 5, CENTRO  ACAYUCAN, VERACRUZ, Socio desde: 2016, 019242453707,denisedestefan@hotmail.com,
53,NOTARÍA 25, XALAPA, VERACRUZ, CARACTER: TITULAR, AV ARAUCARIAS 56 INT. LOCAL 2-A, INDECO ANIMAS  XALAPA, VERACRUZ, Socio desde: 2013, 0122 88 12 9284,dulcerios@notaria25.com.mx,
54,NOTARÍA 3, VERACRUZ, VERACRUZ, CARACTER: TITULAR, CALLEJON HEROE DE NACOZARI 242 INT. 101, CENTRO  VERACRUZ, VERACRUZ, Socio desde: 2016, 22 99 3216 18,notaria3ver@hotmail.com ,
55,NOTARÍA 3, ORIZABA, VERACRUZ, CARACTER: TITULAR, AVENIDA COLON PONIENTE 345, CENTRO  ORIZABA, VERACRUZ, Socio desde: 2006, 01 272 725 8848,notpub3@prodigy.net.mx,
56,NOTARÍA 16, VERACRUZ, VERACRUZ, CARACTER: TITULAR, XICOTENCATL 1695, FLORES MAGON  VERACRUZ, VERACRUZ, Socio desde: 2001, TEL. Y FAX,epanes@notaria16veracruz.com,
57,NOTARÍA 34, TLALNELHUAYOCAN, VERACRUZ, CARACTER: TITULAR, CALLE BENITO JUAREZ 4, OTILPAN  TLALNELHUAYOCAN, VERACRUZ, Socio desde: 2017, 2288346191,elviraarteagavega@gmail.com,
58,NOTARÍA 7, COATZACOALCOS, VERACRUZ, CARACTER: TITULAR, NICOLAS BRAVO 1009 INT. ALTOS, CENTRO  COATZACOALCOS, VERACRUZ, Socio desde: 2006, 01 921 212 6242,emadrazo7@yahoo.com.mx,
59,NOTARÍA 8, CORDOBA, VERACRUZ, CARACTER: TITULAR, AVENIDA 1 205, CENTRO  CORDOBA, VERACRUZ, Socio desde: 2017, 2717121814,notaria8cordoba@gmail.com,
60,NOTARÍA 14, CORDOBA, VERACRUZ, CARACTER: TITULAR, AV. 3, EDIFICIO PLAZA JARDIN 104 INT. DESP 104, CENTRO  CORDOBA, VERACRUZ, Socio desde: 2004,, 'com');notaria14corver@hotmail.com]
61,NOTARÍA 10, VILLA DE OLUTA, VERACRUZ, CARACTER: TITULAR, GUTIERREZ ZAMORA 44 INT. B, BARRIO PRIMERO  VILLA DE OLUTA, VERACRUZ, Socio desde: 2012, ,notariadiezoluta@hotmail.com,
62,NOTARÍA 6, TIERRA BLANCA, VERACRUZ, CARACTER: TITULAR, LIBERTAD 220, CENTRO  TIERRA BLANCA, VERACRUZ, Socio desde: 1999, ,pipenotario6@hotmail.com,
63,NOTARÍA 6, SAN ANDRES TUXTLA, VERACRUZ, CARACTER: TITULAR, BELISARIO DOMINGUEZ 16, CENTRO  SAN ANDRES TUXTLA, VERACRUZ, Socio desde: 1981, 01(294) 942-01-79,fercar06@hotmail.com,
64,NOTARÍA 10, CATEMACO, VERACRUZ, CARACTER: TITULAR, MORELOS 28, CENTRO  CATEMACO, VERACRUZ, Socio desde: 2014, ,notariapublica10_fmv@hotmail.com,
65,NOTARÍA 50, MEDELLIN DE BRAVO, VERACRUZ, CARACTER: TITULAR, CAMPO REDONDO 12 INT. LOCAL 493 B Y C, CENTRO  MEDELLIN DE BRAVO, VERACRUZ, Socio desde: 2010, 01 285 971 2826,notaria50medellin@hotmail.com,
66,NOTARÍA 18, COATZACOALCOS, VERACRUZ, CARACTER: TITULAR, AV. GUTIERREZ ZAMORA 413, CENTRO  COATZACOALCOS, VERACRUZ, Socio desde: 1997, LOS MISMOS,notaria_18@yahoo.com,
67,NOTARÍA 9, MINATITLAN, VERACRUZ, CARACTER: TITULAR, AV. H. COLEGIO MILITAR S/N, PETROLERA  MINATITLAN, VERACRUZ, Socio desde: 1993, LOS MISMOS,fravern9@prodigy.net.mx,
68,NOTARÍA 40, VERACRUZ, VERACRUZ, CARACTER: TITULAR, BLVD. MANUEL AVILA CAMACHO 1199, RICARDO FLORES MAGON  VERACRUZ, VERACRUZ, Socio desde: 2010, 01 229 989 2929,fcoarias@prodigy.net.mx,
69,NOTARÍA 5, COATZACOALCOS, VERACRUZ, CARACTER: ADSCRITO, AVENIDA VICENTE GUERRERO 304 INT. 2, CENTRO  COATZACOALCOS, VERACRUZ, Socio desde: 2012, ,notaria5.ivanhillman@hotmail.com,
70,NOTARÍA 1, COATZACOALCOS, VERACRUZ, CARACTER: ADSCRITO, GUTIERREZ ZAMORA 323, CENTRO  COATZACOALCOS, VERACRUZ, Socio desde: 2004, 01 921 21 300 17 01,francisco@fmontesdeoca.com.mx,
71,NOTARÍA 17, CORDOBA, VERACRUZ, CARACTER: TITULAR, CALLE CUATRO 8, CENTRO  CORDOBA, VERACRUZ, Socio desde: 1994, 0127 1714 3520,not17cordoba.fpb@hotmail.com,
72,NOTARÍA 28, VERACRUZ, VERACRUZ, CARACTER: TITULAR, BLVD . AVILA CAMACHO 1199, RICARDO FLORES MAGON  VERACRUZ, VERACRUZ, Socio desde: 1974, 01 229 989 2929,fcoarias@prodigy.net.mx,
73,NOTARÍA 3, COATEPEC, VERACRUZ, CARACTER: TITULAR, ALDAMA 8, CENTRO  COATEPEC, VERACRUZ, Socio desde: 1988, ,not3coatepec@hotmail.com,
74,NOTARÍA 9, TEOCELO, VERACRUZ, CARACTER: TITULAR, INDEPENDENCIA ORIENTE 34, CENTRO  TEOCELO, VERACRUZ, Socio desde: 2011, 01 228 821 0273,teocelo9@hotmail.com,
75,NOTARÍA 19, FORTIN DE LAS FLORES, VERACRUZ, CARACTER: TITULAR, AV. 7 PONIENTE 17, FRACC. FORTIN DE LAS FLORES  FORTIN DE LAS FLORES, VERACRUZ, Socio desde: 2010, ,notaria19fortin@hotmail.com,
76,NOTARÍA 37, XALAPA, VERACRUZ, CARACTER: TITULAR, JESUS REYES HEROLES 16, OBRERO CAMPESINA  XALAPA, VERACRUZ, Socio desde: 2011, ,notaria37xalapa@hotmail.com,
77,NOTARÍA 9, MISANTLA, VERACRUZ, CARACTER: TITULAR, DOCTOR CAMILO GONZALEZ 105, CENTRO  MISANTLA, VERACRUZ, Socio desde: 2019, 01 235 32 30 800,notario9misantla@gmail.com,
78,NOTARÍA 13, VERACRUZ, VERACRUZ, CARACTER: TITULAR, AV. VALENTIN GOMEZ FARIAS 1155, RICARDO FLORES MAGON  VERACRUZ, VERACRUZ, Socio desde: 1998, ,notario13@gmail.com,
79,NOTARÍA 2, COATEPEC, VERACRUZ, CARACTER: TITULAR, JIMENEZ DEL CAMPILLO 31 INT. B, CENTRO  COATEPEC, VERACRUZ, Socio desde: 1984, ,gykawas@hotmail.com,
80,NOTARÍA 41, VERACRUZ, VERACRUZ, CARACTER: TITULAR, XICOTENCATL 270, CENTRO  VERACRUZ, VERACRUZ, Socio desde: 2010, 01 229 931 2253,gerardogil@notaria41.mx,
81,NOTARÍA 3, TEMPOAL, VERACRUZ, CARACTER: TITULAR, ZARAGOZA 17 INT. ALTOS, CENTRO  TEMPOAL, VERACRUZ, Socio desde: 2011, 01 789 894 0039,notariatrestempoal@hotmail.com,
82,NOTARÍA 14, COSAMALOAPAN, VERACRUZ, CARACTER: TITULAR, VENUSTIANO CARRANZA 214 INT. 1ER. PISO, CENTRO  COSAMALOAPAN, VERACRUZ, Socio desde: 2011, 01 288 882 0170,notaria14cosamaloapan@hotmail.com,
83,NOTARÍA 1, VERACRUZ, VERACRUZ, CARACTER: TITULAR, INDEPENDENCIA 835 INT. 1ER PISO, CENTRO  VERACRUZ, VERACRUZ, Socio desde: 2010, 01 229 932 8452,notaria1sousa@yahoo.com.mx,
84,NOTARÍA 23, AMATLAN DE LOS REYES, VERACRUZ, CARACTER: TITULAR, AV. MORELOS 2, CENTRO  AMATLAN DE LOS REYES, VERACRUZ, Socio desde: 2010, ,vitenotaria23@hotmail.com,
85,NOTARÍA 33, XALAPA, VERACRUZ, CARACTER: TITULAR, BENITO JUAREZ 137, CENTRO  XALAPA, VERACRUZ, Socio desde: 2011, ,notaria33_xalapa@hotmail.com,
86,NOTARÍA 2, COSAMALOAPAN, VERACRUZ, CARACTER: TITULAR, AV. VENUSTIANO CARRANZA 115, CENTRO  COSAMALOAPAN, VERACRUZ, Socio desde: 2000, 01(288) 882-49-19,notaria2cosver@hotmail.com,
87,NOTARÍA 13, XALAPA, VERACRUZ, CARACTER: TITULAR, ROA BARCENA 22, CENTRO  XALAPA, VERACRUZ, Socio desde: 2012, 8170380,notaria13xalapa@hotmail.com,
88,NOTARÍA 14, XALAPA, VERACRUZ, CARACTER: TITULAR, JOSE MARIA MATA 8, CENTRO  XALAPA, VERACRUZ, Socio desde: 2000, 818-07-64,dganot14@hotmail.com,
89,NOTARÍA 59, ALVARADO, VERACRUZ, CARACTER: TITULAR, BLVD. RIVIERA VERACRUZANA EDIFICIO 345 INT. 1ER PISO, FRACC. EL CONCHAL  ALVARADO, VERACRUZ, Socio desde: 2011, 01 229 956 5000,notario@alvarado59.com,
90,NOTARÍA 19, VERACRUZ, VERACRUZ, CARACTER: TITULAR, AV. GENERAL PRIM 331 INT. DEP. 3, CENTRO  VERACRUZ, VERACRUZ, Socio desde: 2019, 01 229 93 24 060,titular@notaria19ver.com,
91,NOTARÍA 2, VERACRUZ, VERACRUZ, CARACTER: TITULAR, MADERO 506 INT. 522, CENTRO  VERACRUZ, VERACRUZ, Socio desde: 2006, 01 229 932 3987,fepublica@hotmail.com,
92,NOTARÍA 12, COATZINTLA, VERACRUZ, CARACTER: TITULAR, FELIPE BARRIOZABAL 4, SECTOR COATZINTLA  COATZINTLA, VERACRUZ, Socio desde: 2018, 01 782 825 77 49,jmendezj5@hotmail.com,
93,NOTARÍA 27, VERACRUZ, VERACRUZ, CARACTER: TITULAR, GOMEZ FARIAS 750, FLORES MAGON  VERACRUZ, VERACRUZ, Socio desde: 1998, 01(229) 931-82-02,notaria27veracruz@hotmail.com,
94,NOTARÍA 9, ALAMO VERACRUZ, VERACRUZ, CARACTER: TITULAR, ENRIQUE C REBSAMEN 2, CENTRO  ALAMO VERACRUZ, VERACRUZ, Socio desde: 2013, 17658446557,jenniferdelangel@hotmail.com,
95,NOTARÍA 4, TUXPAN , VERACRUZ, CARACTER: TITULAR, RAFAEL MORENO 81, INFONAVIT TENECHACO  TUXPAN , VERACRUZ, Socio desde: 2016, 783 83 53 868,notaria4tuxpan@gmail.com,
96,NOTARÍA 28, MOLOACAN, VERACRUZ, CARACTER: TITULAR, VALENTIN GOMEZ FARIAS 8 INT. LOCAL 2, CENTRO  MOLOACAN, VERACRUZ, Socio desde: 1987, 9232750129,not28moloacan@hotmail.com,
97,NOTARÍA 26, FORTIN, VERACRUZ, CARACTER: TITULAR, BOULEVARD CORDOBA FORTIN KM 335 25, ALBERTO ROSALES  FORTIN, VERACRUZ, Socio desde: 2007, ,info@notaria26fortin.com,
98,NOTARÍA 17, VERACRUZ, VERACRUZ, CARACTER: TITULAR, ERNESTO DOMINGUEZ 311, FRACC. REFORMA  VERACRUZ, VERACRUZ, Socio desde: 1999, 01(229) 931-07-11,notaria17ver@prodigy.net.mx,
99,NOTARÍA 11, VERACRUZ, VERACRUZ, CARACTER: TITULAR, ERNESTO DOMINGUEZ 311, FRACC. REFORMA  VERACRUZ, VERACRUZ, Socio desde: 1972, 01(229) 9-31-07-11,notaria11ver@prodigy.net.mx,
100,NOTARÍA 6, XICO, VERACRUZ, CARACTER: TITULAR, MIGUEL HIDALGO 23, CENTRO  XICO, VERACRUZ, Socio desde: 2013, ,notaria6xico@hotmail.com,
101,NOTARÍA 5, SAN RAFAEL, VERACRUZ, CARACTER: TITULAR, DIAZ MIRON 9-BIS INT. 204, CENTRO  SAN RAFAEL, VERACRUZ, Socio desde: 2016, 232 3250630,jhpr.not5@gmail.com,
102,NOTARÍA 26, BANDERILLA, VERACRUZ, CARACTER: TITULAR, NICOLAS BRAVO 73 INT. B, ZONA CENTRO  BANDERILLA, VERACRUZ, Socio desde: 2007, 01 228 811 2269,jlince@notariaveintiseis.com,
103,NOTARÍA 12, VERACRUZ, VERACRUZ, CARACTER: TITULAR, JUAN DE DIOS PEZA 671, ZARAGOZA  VERACRUZ, VERACRUZ, Socio desde: 1994, ,not12ver@prodigy.net.mx,
104,NOTARÍA 2, SAN ANDRES TUXTLA, VERACRUZ, CARACTER: TITULAR, PINO SUAREZ 4, CENTRO  SAN ANDRES TUXTLA, VERACRUZ, Socio desde: 2013, 12949422363,notariadostuxtla@hotmail.com,
105,NOTARÍA 1, COATEPEC, VERACRUZ, CARACTER: TITULAR, CALLE 3A DE 16 DE SEPTIEMBRE 43 D, CENTRO COATEPEC  COATEPEC, VERACRUZ, Socio desde: 2015, 01228 816 9476,jorge@notaria1coatepec.com,
106,NOTARÍA 2, CORDOBA, VERACRUZ, CARACTER: TITULAR, AV. 2 206, CENTRO  CORDOBA, VERACRUZ, Socio desde: 2014, 01 271 712 7002,not2cord@yahoo.com,
107,NOTARÍA 5, COATEPEC, VERACRUZ, CARACTER: TITULAR, CONSTITUCION 84, CENTRO  COATEPEC, VERACRUZ, Socio desde: 1994, ,jst_not5@hotmail.com,
108,NOTARÍA 38, VERACRUZ, VERACRUZ, CARACTER: TITULAR, CALZADA ISABEL LA CATOLICA 280, REFORMA  VERACRUZ, VERACRUZ, Socio desde: 2010, 01 229 100 2486,grupotiburcio@gmail.com,
109,NOTARÍA 26, MINATITLAN, VERACRUZ, CARACTER: TITULAR, AVENIDA MIGUEL HIDALGO 142 ALTOS, CENTRO  MINATITLAN, VERACRUZ, Socio desde: 2017, 01 922 2241 773,notaria26mver@outlook.es,
110,NOTARÍA 5, COSAMALOAPAN, VERACRUZ, CARACTER: ADSCRITO, AV. JOSE MARIA MORELOS Y PAVON 201, CENTRO  COSAMALOAPAN, VERACRUZ, Socio desde: 2009, 01 288 882 2504,jogarus@hotmail.com,
111,NOTARÍA 10, AYAHUALULCO, VERACRUZ, CARACTER: TITULAR, INDEPENDENCIA 48, CENTRO  AYAHUALULCO, VERACRUZ, Socio desde: 2011, ,notaria10polito.sanchez@hotmail.com,
112,NOTARÍA 18, CORDOBA, VERACRUZ, CARACTER: TITULAR, CALLE 7 500, CENTRO  CORDOBA, VERACRUZ, Socio desde: 2017, 012717124414,notaria18cordoba@gmail.com,
113,NOTARÍA 2, ORIZABA, VERACRUZ, CARACTER: TITULAR, AV. COLON OTE. 333, CENTRO  ORIZABA, VERACRUZ, Socio desde: 1982, ,notaria2marquez@prodigy.net.mx,
114,NOTARÍA 10, VERACRUZ, VERACRUZ, CARACTER: ADSCRITO, AV 2 DE ABRIL 1189, FRACC. REFORMA  VERACRUZ, VERACRUZ, Socio desde: 2017, 01 229 931 85 88,notja70@hotmail.com,
115,NOTARÍA 6, ACAYUCAN, VERACRUZ, CARACTER: TITULAR, CALLE OCAMPO 343, CENTRO DE LA CD.  ACAYUCAN, VERACRUZ, Socio desde: 1996, TELS. Y FAX,carlosnot6@gmail.com,
116,NOTARÍA 8, XALAPA, VERACRUZ, CARACTER: TITULAR, IGNACIO ALLENDE 63 -A, CENTRO  XALAPA, VERACRUZ, Socio desde: 2018, 01 228 818 28 12,erobles@notaria8xalapa.com,
117,NOTARÍA 7, CORDOBA, VERACRUZ, CARACTER: TITULAR, CALLE 2 125, CENTRO  CORDOBA, VERACRUZ, Socio desde: 2005, 0127 1712 4646,notarialvarez@hotmail.com,
118,NOTARÍA 55, BOCA DEL RIO, VERACRUZ, CARACTER: TITULAR, BLVD. ADOLFO RUIZ CORTINES 1513 INT. 6, COSTA DE ORO  BOCA DEL RIO, VERACRUZ, Socio desde: 2017, 229 921 3379,gh@notaria55boca.com.mx,
119,NOTARÍA 6, CORDOBA, VERACRUZ, CARACTER: TITULAR, CALLE 6 6 INT. ALTOS, CENTRO  CORDOBA, VERACRUZ, Socio desde: 1993, LOS MISMOS,notseis@hotmail.com,
120,NOTARÍA 5, GUTIERREZ ZAMORA, VERACRUZ, CARACTER: TITULAR, AV. FRANCISCO JAVIER MINA 49, CENTRO  GUTIERREZ ZAMORA, VERACRUZ, Socio desde: 1999, 01 766 845 0385,morortega@hotmail.com,
121,NOTARÍA 3, POZA RICA, VERACRUZ, CARACTER: TITULAR, AV. 8 NORTE 101 INT. DESP 103, OBRERA  POZA RICA, VERACRUZ, Socio desde: 1999, ,hernandezcabada@hotmail.com,
122,NOTARÍA 4, VERACRUZ, VERACRUZ, CARACTER: TITULAR, DIAZ ARAGON 190, RICARDO FLORES MAGON  VERACRUZ, VERACRUZ, Socio desde: 1975, TODOS LOS TELS.,notaria4ver@hotmail.com,
123,NOTARÍA 5, ALTOTONGA, VERACRUZ, CARACTER: TITULAR, 16 DE SEPTIEMBRE 18-A, CENTRO  ALTOTONGA, VERACRUZ, Socio desde: 2019, 01 226 316 07 12,notaria5altotonga@hotmail.com,
124,NOTARÍA 4, COATZACOALCOS, VERACRUZ, CARACTER: TITULAR, AV. VICENTE GUERRERO 802 INT. ALTO 1, CENTRO  COATZACOALCOS, VERACRUZ, Socio desde: 2005, 0192 1213 0082,notario4_@yahoo.com,
125,NOTARÍA 24, LAS CHOAPAS, VERACRUZ, CARACTER: TITULAR, PLAN DE AYALA 104 INT. ALTOS, AGRARIA  LAS CHOAPAS, VERACRUZ, Socio desde: 2010, 01 923 237 0601,jpdelapuente@notaria24laschoapas.com.mx,
126,NOTARÍA 29, VERACRUZ, VERACRUZ, CARACTER: TITULAR, MARIO MOLINA 298, CENTRO  VERACRUZ, VERACRUZ, Socio desde: 1989, 0122 9923 0200 EXT. 1,alejandro@notaria29.com.mx,
127,NOTARÍA 11, CERRO AZUL, VERACRUZ, CARACTER: TITULAR, FRONTERA 27, LAZARO CARDENAS  CERRO AZUL, VERACRUZ, Socio desde: 2010, 01 785 852 3466,notaria11cerroazulver@hotmail.com,
128,NOTARÍA 11, TIHUATLÁN, VERACRUZ, CARACTER: ADSCRITO, BLVD. ACCESO AL PUENTE CAZONES II ALTOS 1, PLAN DE AYALA  TIHUATLÁN, VERACRUZ, Socio desde: 2012, ,notaria11t@prodigy.net.mx,
129,NOTARÍA 65, VERACRUZ, VERACRUZ, CARACTER: TITULAR, PASEO JOSE MARTI 245 INT. B, FRACC. REFORMA  VERACRUZ, VERACRUZ, Socio desde: 2011, 01 229 100 24 95 ,notario@not65.com,
130,NOTARÍA 10, VERACRUZ, VERACRUZ, CARACTER: TITULAR, INDEPENDENCIA 881, ZONA CENTRO  VERACRUZ, VERACRUZ, Socio desde: 1987, 01(229)9-31-85-88,notaria10veracruz@notariosveracruz.mx,
131,NOTARÍA 9, CORDOBA, VERACRUZ, CARACTER: TITULAR, AV. 13 2006 INT. DESP 4, SAN JOSE (FEDERAL)  CORDOBA, VERACRUZ, Socio desde: 2005, ,notaria9_corvera@yahoo.com.mx,
132,NOTARÍA 4, TANTOYUCA, VERACRUZ, CARACTER: TITULAR, HEROICO COLEGIO MILITAR 191, ZONA CENTRO  TANTOYUCA, VERACRUZ, Socio desde: 2005, 01 789 89 310 37,notariablanco@hotmail.com,
133,NOTARÍA 1, ORIZABA, VERACRUZ, CARACTER: TITULAR, PONIENTE 7 72 INT. 101, CENTRO  ORIZABA, VERACRUZ, Socio desde: 1977, ,1notaria@prodigy.net.mx,
134,NOTARÍA 1, TUXPAN, VERACRUZ, CARACTER: TITULAR, EMILIANO ZAPATA 12 INT. B, CENTRO  TUXPAN, VERACRUZ, Socio desde: 2015, ,notaria1tuxpan@hotmail.com,
135,NOTARÍA 58, BOCA DEL RIO, VERACRUZ, CARACTER: TITULAR, CONQUISTADORES 33, VIRGINIA  BOCA DEL RIO, VERACRUZ, Socio desde: 2017, 01 229 98 07 101,recepcion@notaria58bocadelrio.com.mx,
136,NOTARÍA 20, COATZACOALCOS, VERACRUZ, CARACTER: TITULAR, AV. LERDO DE TEJADA 701, CENTRO  COATZACOALCOS, VERACRUZ, Socio desde: 2009, 01 921 212 2915,luisbrito99@hotmail.com,
137,NOTARÍA 12, COATZACOALCOS, VERACRUZ, CARACTER: TITULAR, PASEO MIGUEL ALEMAN 300, CENTRO  COATZACOALCOS, VERACRUZ, Socio desde: 2008, 01 921 2128 554,pimayo1@hotmail.com,
138,NOTARÍA 7, ATZALAN, VERACRUZ, CARACTER: TITULAR, PRIVADA MELCHOR OCAMPO 7, CENTRO  ATZALAN, VERACRUZ, Socio desde: 2010, 01 226 316 2321,notaria7atzalan@hotmail.com,
139,NOTARÍA 15, XALAPA, VERACRUZ, CARACTER: TITULAR, ROJANO 14, CENTRO  XALAPA, VERACRUZ, Socio desde: 2009, 01 228 818 2508,notaria15xalapa@hotmail.com,
140,NOTARÍA 20, VERACRUZ, VERACRUZ, CARACTER: TITULAR, AV. FRANCISCO I. MADERO 247, CENTRO  VERACRUZ, VERACRUZ, Socio desde: 2000, 01(229) 934-96-20,notaria20veracruz@hotmail.com,
141,NOTARÍA 53, COTAXTLA, VERACRUZ, CARACTER: TITULAR, AVENIDA MIGUEL ALEMAN 11 INT. A, LA TINAJA  COTAXTLA, VERACRUZ, Socio desde: 2011, 01 278 713 5067,malinalirodriguez@notaria53ver.com.mx,
142,NOTARÍA 19, COATZACOALCOS, VERACRUZ, CARACTER: TITULAR, AVENIDA DIECISEIS DE SEPTIEMBRE 606, CENTRO  COATZACOALCOS, VERACRUZ, Socio desde: 1994, 01(921) 212-37-57,notaria_19@prodigy.net.mx,
143,NOTARÍA 2, PANUCO, VERACRUZ, CARACTER: TITULAR, HIDALGO 15, PANUCO CENTRO  PANUCO, VERACRUZ, Socio desde: 2018, 01 846 266 0222,mdhg80@hotmail.com,
144,NOTARÍA 30, XALAPA, VERACRUZ, CARACTER: TITULAR, CARRETERA XALAPA-VERACRUZ KILOMETRO 4.5, LOCALIDAD LAS TRANCAS  XALAPA, VERACRUZ, Socio desde: 2007, ,notaria30xalapa@gmail.com,
145,NOTARÍA 12, MARTINEZ DE LA TORRE, VERACRUZ, CARACTER: TITULAR, AV. MAXIMINO AVILA CAMACHO 310, CENTRO  MARTINEZ DE LA TORRE, VERACRUZ, Socio desde: 2018, 01 232 324 26 21,notaria12.martinezdelatorre@gmail.com,
146,NOTARÍA 5, VERACRUZ, VERACRUZ, CARACTER: TITULAR, MARTI 523, FRACCIONAMIENTO REFORMA  VERACRUZ, VERACRUZ, Socio desde: 1993, LOS MISMOS,contacto@notaria5veracruz.com,
147,NOTARÍA 64, BOCA DEL RIO, VERACRUZ, CARACTER: TITULAR, BOULEVARD MIGUEL ALEMAN 82 INT. LOCAL 39, PLAZA RIO LF  BOCA DEL RIO, VERACRUZ, Socio desde: 2011, 01 229 986 0594,notaria64_ver@hotmail.com,
148,NOTARÍA 33, BOCA DEL RIO, VERACRUZ, CARACTER: TITULAR, PASEO DE LAS FLORES 10, FRACCIONAMIENTO VIRGINIA  BOCA DEL RIO, VERACRUZ, Socio desde: 1993, 0122 9922 1999,not33lfg@hotmail.com,
149,NOTARÍA 6, POZA RICA, VERACRUZ, CARACTER: TITULAR, CALLE 6 NORTE 47, OBRERA  POZA RICA, VERACRUZ, Socio desde: 2011, ,rcnotaria6@hotmail.com,
150,NOTARÍA 26, VERACRUZ, VERACRUZ, CARACTER: TITULAR, GOMEZ FARIAS 1864, FLORES MAGON  VERACRUZ, VERACRUZ, Socio desde: 1998, TEL. Y FAX,not26ver@hotmail.com,
151,NOTARÍA 7, PAPANTLA, VERACRUZ, CARACTER: TITULAR, ENRIQUEZ 100 INT. ALTOS, CENTRO  PAPANTLA, VERACRUZ, Socio desde: 2007, 01 784 84 21153,maluchi194@hotmail.com,
152,NOTARÍA 4, POZA RICA, VERACRUZ, CARACTER: TITULAR, CALLE 8 NORTE 101 INT. 1ER PISO, OBRERA  POZA RICA, VERACRUZ, Socio desde: 2009, 01 782 823 2812,notaria4pozarica@prodigy.net.mx,
153,NOTARÍA 5, POZA RICA, VERACRUZ, CARACTER: TITULAR, AV. 20 DE NOVIEMBRE 606 INT. ALTOS, CAZONES  POZA RICA, VERACRUZ, Socio desde: 2009, 01 782 824 9311,notaria5pozarica@hotmail.com,
154,NOTARÍA 3, OZULUAMA, VERACRUZ, CARACTER: TITULAR, CALLE NACIONAL HIDALGO 110, ROMA  OZULUAMA, VERACRUZ, Socio desde: 2007, 01 846 257 0063,delafuentelara@hotmail.com,
155,NOTARÍA 12, MARTINEZ DE LA TORRE, VERACRUZ, CARACTER: ADSCRITO, MAXIMINO AVILA CAMACHO 310, CENTRO  MARTINEZ DE LA TORRE, VERACRUZ, Socio desde: 2011, ,licmario_delafuente@hotmail.com,
156,NOTARÍA 11, TLACOTALPAN, VERACRUZ, CARACTER: TITULAR, JOSE MARIA IGLESIAS 70, CENTRO  TLACOTALPAN, VERACRUZ, Socio desde: 2011, 01 288 884 3375,notaria11tlacotalpan@gmail.com ,
157,NOTARÍA 62, BOCA DEL RIO, VERACRUZ, CARACTER: TITULAR, HABANERAS 271 INT. 502, FRACC. JARDINES DE VIRGINIA  BOCA DEL RIO, VERACRUZ, Socio desde: 2010, 01 229 956 7762,mauricio@notaria62boca.com.mx,
158,NOTARÍA 22, EMILIANO ZAPATA, VERACRUZ, CARACTER: TITULAR, AVENIDA CARLOS HERNANDEZ FRANCESCHY 15, CENTRO  EMILIANO ZAPATA, VERACRUZ, Socio desde: 2011, ,mayle_16@hotmail.com,
159,NOTARÍA 1, POZA RICA DE HIDALGO, VERACRUZ, CARACTER: TITULAR, PROLONGACION AVALO S/N, BENITO JUAREZ  POZA RICA DE HIDALGO, VERACRUZ, Socio desde: 2018, 01 782 82 6 84 64,m_a_y_22@hotmail.com,
160,NOTARÍA 8, COATZACOALCOS, VERACRUZ, CARACTER: TITULAR, VICENTE GUERRERO 1201, CENTRO  COATZACOALCOS, VERACRUZ, Socio desde: 2019, 01 921 68 86 223,not8.21coatza@gmail.com,
161,NOTARÍA 22, VERACRUZ, VERACRUZ, CARACTER: TITULAR, XICOTENCATL 1839, RICARDO FLORES MAGON  VERACRUZ, VERACRUZ, Socio desde: 1987, TODOS LOS TELEFONOS,notpub22@prodigy.net.mx,
162,NOTARÍA 2, POZA RICA, VERACRUZ, CARACTER: TITULAR, AV. JUAREZ 100 INT. D, 27 DE SEPTIEMBRE  POZA RICA, VERACRUZ, Socio desde: 2005, 01 782 82 371 05,notaria_dos@hotmail.com,
163,NOTARÍA 54, VERACRUZ, VERACRUZ, CARACTER: TITULAR, AV. AMERICO VESPUCIO 491, FRACC. REFORMA  VERACRUZ, VERACRUZ, Socio desde: 2011, 01 229 935 9473,notaria54enveracruz@hotmail.com,
164,NOTARÍA 11, XALAPA, VERACRUZ, CARACTER: TITULAR, RAFAEL MURILLO VIDAL 232, CUAUHTEMOC  XALAPA, VERACRUZ, Socio desde: 1994, ,notpedroza@hotmail.com,
165,NOTARÍA 32, VERACRUZ, VERACRUZ, CARACTER: TITULAR, MIGUEL LERDO DE TEJADA 400, CENTRO  VERACRUZ, VERACRUZ, Socio desde: 2010, 01 229 932 6580,miguelmontiel@notaria32veracruz.com.mx,
166,NOTARÍA 11, ORIZABA, VERACRUZ, CARACTER: TITULAR, SUR 3 136, CENTRO  ORIZABA, VERACRUZ, Socio desde: 1981, 01(272) 725-10-85,notaria11@prodigy.net.mx,
167,NOTARÍA 5, ORIZABA, VERACRUZ, CARACTER: TITULAR, NORTE 7 142, CENTRO  ORIZABA, VERACRUZ, Socio desde: 2018, 01 272 725 00 15,noaria5orizaba@yahoo.com.mx,
168,NOTARÍA 25, NANCHITAL DE LAZARO CARDENAS DEL RIO, VERACRUZ, CARACTER: TITULAR, CALLE 5 DE MAYO 95, LAZARO CARDENAS  NANCHITAL DE LAZARO CARDENAS DEL RIO, VERACRUZ, Socio desde: 2011, ,notaria25_nanchital@hotmail.com,
169,NOTARÍA 27, ATOYAC, VERACRUZ, CARACTER: TITULAR, AV EJERCITO NACIONAL 96 INT. B-ALTOS, CENTRO  ATOYAC, VERACRUZ, Socio desde: 2014, ,notaria27atoyac@gmail.com,
170,NOTARÍA 4, PAPANTLA, VERACRUZ, CARACTER: TITULAR, HERMENEGILDO GALEANA 1, CENTRO  PAPANTLA, VERACRUZ, Socio desde: 2008, 01 784 84 2 5906,notaria4papantla@telmexmail.com,
171,NOTARÍA 2, TEQUILA, VERACRUZ, CARACTER: TITULAR, CARRETERA MUNICIPAL LIBRE ORIZABA -ZONGOLICA KM 16.1, TECUANCA  TEQUILA, VERACRUZ, Socio desde: 2016, 012787332231,mdiazabascal@yahoo.com.mx,
172,NOTARÍA 30, COATZACOALCOS, VERACRUZ, CARACTER: TITULAR, AVENIDA BELLAVISTA 421 INT. 1, CENTRO  COATZACOALCOS, VERACRUZ, Socio desde: 2019, 01 9211 63 41 48,natalio_arrieta@notario30coatza.com,
173,NOTARÍA 49, ALVARADO, VERACRUZ, CARACTER: TITULAR, BLVD. BOCA DEL RIO ANTON LIZARDO 901 INT. LOCAL H – 2B, CENTRO COMERCIAL PLAZA V  ALVARADO, VERACRUZ, Socio desde: 2010, 01 229 922 9008,notaria49alv@hotmail.com,
174,NOTARÍA 4, ORIZABA, VERACRUZ, CARACTER: TITULAR, AV. ORIENTE DOS 251 INT. 1 – P.B., CENTRO  ORIZABA, VERACRUZ, Socio desde: 2005, 01 272 72 65040,not4@prodigy.net.mx,
175,NOTARÍA 12, ORIZABA, VERACRUZ, CARACTER: TITULAR, SUR 11 490, CENTRO  ORIZABA, VERACRUZ, Socio desde: 2009, ,notariapublica_12@yahoo.com.mx,
176,NOTARÍA 61, BOCA DEL RIO, VERACRUZ, CARACTER: ADSCRITO, COSTA VERDE 51 INT. ALTOS, FRACC. VIRGINIA  BOCA DEL RIO, VERACRUZ, Socio desde: 2010, 01 229 980 7244,notaria61_veracruz@hotmail.com,
177,NOTARÍA 48, VERACRUZ, VERACRUZ, CARACTER: TITULAR, CALLE 16 DE SEPTIEMBRE S/N INT. LOCALES 1 Y 2, CENTRO  VERACRUZ, VERACRUZ, Socio desde: 2019, 01 229 16 11 859,notaria48ver@hotmail.com,
178,NOTARÍA 16, MINATITLAN, VERACRUZ, CARACTER: TITULAR, AV HIDALGO 145-A INT. DEPTO-101, CENTRO  MINATITLAN, VERACRUZ, Socio desde: 2013, ,notari16@prodigy.net.mx,
179,NOTARÍA 3, COATZACOALCOS, VERACRUZ, CARACTER: TITULAR, VENUSTIANO CARRANZA 701, CENTRO  COATZACOALCOS, VERACRUZ, Socio desde: 2011, 01 9212128822,info@notaria3coatza.com,
180,NOTARÍA 8, TRES VALLES, VERACRUZ, CARACTER: TITULAR, BLVD. ALVARO OBREGON 306 INT. 4, CENTRO  TRES VALLES, VERACRUZ, Socio desde: 2009, 01 288 8851 551,pmorandor@hotmail.com,
181,NOTARÍA 42, ALVARADO, VERACRUZ, CARACTER: TITULAR, PLAYA PARAISO , MANDINGA Y CONCHAL  ALVARADO, VERACRUZ, Socio desde: 2010, 01 229 956 4620,pgarciapensado@gmail.com,
182,NOTARÍA 15, COATZACOALCOS, VERACRUZ, CARACTER: TITULAR, ZAMORA 312, CENTRO  COATZACOALCOS, VERACRUZ, Socio desde: 1981, ,nota15coatzaver@hotmail.com,
183,NOTARÍA 16, XALAPA, VERACRUZ, CARACTER: TITULAR, URSULO GALVAN 7, CENTRO  XALAPA, VERACRUZ, Socio desde: 2000, TEL. Y FAX,notaria16xalapa@notariosveracruz.org,
184,NOTARÍA 1, NARANJOS, VERACRUZ, CARACTER: TITULAR, AV. JUSTO SIERRA 7 INT. 2, CENTRO  NARANJOS, VERACRUZ, Socio desde: 1980, ,raguizave@yahoo.com.mx,
185,NOTARÍA 4, MARTINEZ DE LA TORRE, VERACRUZ, CARACTER: INTERINO, ZARAGOZA 206, CENTRO  MARTINEZ DE LA TORRE, VERACRUZ, Socio desde: 1987, ,notaria4mtz@hotmail.com,
186,NOTARÍA 3, PAPANTLA DE OLARTE, VERACRUZ, CARACTER: TITULAR, 20 DE NOVIEMBRE 1 INT. D – ALTOS, CENTRO  PAPANTLA DE OLARTE, VERACRUZ, Socio desde: 2010, 01 784 842 3981,notaria3papantla@hotmail.com,
187,NOTARÍA 7, SAN ANDRES TUXTLA, VERACRUZ, CARACTER: TITULAR, FRANCISCO INDALECIO MADERO 4 INT. DESP 206, CENTRO  SAN ANDRES TUXTLA, VERACRUZ, Socio desde: 2010, 01 294 942 2283,not7sanandres@prodigy.net.mx,
188,NOTARÍA 13, POZA RICA, VERACRUZ, CARACTER: TITULAR, calle 14 318, CAZONES  POZA RICA, VERACRUZ, Socio desde: 2013, ,renegarza@gmail.com,
189,NOTARÍA 15, TIERRA BLANCA, VERACRUZ, CARACTER: TITULAR, 16 DE SEPTIEMBRE 721, CENTRO  TIERRA BLANCA, VERACRUZ, Socio desde: 2013, ,notario_rdh@hotmail.com,
190,NOTARÍA 35, VERACRUZ, VERACRUZ, CARACTER: TITULAR, FRANCISCO PIZARRO 257, FRACCIONAMIENTO REFORMA  VERACRUZ, VERACRUZ, Socio desde: 2010, 01 229 937 7487,robertolopezdelfin@notaria35.com,
191,NOTARÍA 1, MISANTLA, VERACRUZ, CARACTER: TITULAR, DR. CAMILO GONZALEZ C. 105, CENTRO  MISANTLA, VERACRUZ, Socio desde: 2010, 01 235 323 0213,notaria1misantla@yahoo.com.mx,
192,NOTARÍA 9, TIERRA BLANCA, VERACRUZ, CARACTER: TITULAR, INDEPENDENCIA 306, CENTRO  TIERRA BLANCA, VERACRUZ, Socio desde: 2010, 01 274 743 2222,gogaronotaria9@hotmail.com,
193,NOTARÍA 22, CORDOBA, VERACRUZ, CARACTER: TITULAR, AVENIDA 3 5 INT. ALTOS, CENTRO  CORDOBA, VERACRUZ, Socio desde: 2010, 01 271 712 9864,rodrigo@notaria22cordoba.com,
194,NOTARÍA 29, VERACRUZ, VERACRUZ, CARACTER: ADSCRITO, MARIO MOLINA 298, CENTRO  VERACRUZ, VERACRUZ, Socio desde: 2019, 01 229 923 02 00,rodrigo@notaria29.com.mx,
195,NOTARÍA 13, CORDOBA, VERACRUZ, CARACTER: TITULAR, 8 718, SAN JOSE  CORDOBA, VERACRUZ, Socio desde: 2007, 01 271 71 29655,elnotrece@outlook.com,
196,NOTARÍA 7, MARTINEZ DE LA TORRE, VERACRUZ, CARACTER: TITULAR, AV. M. AVILA CAMACHO 300 INT. ALTOS DESP 103, CENTRO  MARTINEZ DE LA TORRE, VERACRUZ, Socio desde: 1998, 01(232) 324-56-90,notaria7_rajr@hotmail.com,
197,NOTARÍA 5, XALAPA, VERACRUZ, CARACTER: TITULAR, MIGUEL HIDALGO 56, ZONA CENTRO  XALAPA, VERACRUZ, Socio desde: 2004, 01 228 817 77 75,not5xal@yahoo.com.mx,
198,NOTARÍA 34, CD. CARDEL, VERACRUZ, CARACTER: TITULAR, AV. VENUSTIANO CARRANZA 44, CENTRO  CD. CARDEL, VERACRUZ, Socio desde: 2006, 01 296 962 3816,np34cardel@hotmail.com,
199,NOTARÍA 9, PEROTE, VERACRUZ, CARACTER: TITULAR, VICENTE GUERRERO 1 INT. A, CENTRO  PEROTE, VERACRUZ, Socio desde: 2011, ,notaria9perote@hotmail.com,
200,NOTARÍA 3, XALAPA, VERACRUZ, CARACTER: TITULAR, CALLEJON ROJAS 23 INT. PLANTA ALTA, CENTRO  XALAPA, VERACRUZ, Socio desde: 2016, 0122288171959/ 81 72257,servicioaclientes@notaria3xalapa.com,
201,NOTARÍA 14, CD. MENDOZA, VERACRUZ, CARACTER: TITULAR, AV. HIDALGO 814 INT. DEPTO 2, CENTRO  CD. MENDOZA, VERACRUZ, Socio desde: 2007, 01 272 726 8181,notaria14cdmendoza@hotmail.com,
202,NOTARÍA 29, BANDERILLA, VERACRUZ, CARACTER: ADSCRITO, BENITO JUAREZ 82, CENTRO  BANDERILLA, VERACRUZ, Socio desde: 2016, 228-811-2460,sandramacias.notaria29@gmail.com,
203,NOTARÍA 2, COATEPEC, VERACRUZ, CARACTER: ADSCRITO, JIMENEZ DEL CAMPILLO 31 INT. B, CENTRO  COATEPEC, VERACRUZ, Socio desde: 2011, ,saratellez@hotmail.com,
204,NOTARÍA 27, XALAPA, VERACRUZ, CARACTER: ADSCRITO, BOULEVARD CRISTOBAL COLON 5 INT. M5 Y M6, JARDINES DE LAS ANIMAS  XALAPA, VERACRUZ, Socio desde: 2011, ,notaria27xalapa@gmail.com,
205,NOTARÍA 1, COSAMALOAPAN DE CARPIO, VERACRUZ, CARACTER: TITULAR, RUIZ CORTINES 400, CENTRO  COSAMALOAPAN DE CARPIO, VERACRUZ, Socio desde: 2011, 01 288 882 2220,sergio@notaria1veracruz.com.mx,
206,NOTARÍA 15, IXTACZOQUITLAN, VERACRUZ, CARACTER: TITULAR, DIAZ MIRON 63, CENTRO  IXTACZOQUITLAN, VERACRUZ, Socio desde: 2008, ,notaria15ixtac@hotmail.com,
207,NOTARÍA 1, XALAPA, VERACRUZ, CARACTER: TITULAR, HIDALGO 8, CENTRO  XALAPA, VERACRUZ, Socio desde: 2011, ,silviolagosnotario1@yahoo.com,
208,NOTARÍA 12, COATEPEC, VERACRUZ, CARACTER: TITULAR, CALLE ALDAMA 8, CENTRO  COATEPEC, VERACRUZ, Socio desde: 2011, 01 228 816 20 82,notaria12coatepec@gmail.com,
209,NOTARÍA 46, SOLEDAD DE DOBLADO, VERACRUZ, CARACTER: TITULAR, ZAMORA 70, CENTRO  SOLEDAD DE DOBLADO, VERACRUZ, Socio desde: 1988, ,46notaria@gmail.com,
210,NOTARÍA 5, SANTIAGO TUXTLA, VERACRUZ, CARACTER: TITULAR, PLAZUELA ITURBIDE 1, SANTIAGO TUXTLA CENTRO  SANTIAGO TUXTLA, VERACRUZ, Socio desde: 2015, 01 294 9470 200,notpubnum5@hotmail.com,
211,NOTARÍA 4, ACAYUCAN, VERACRUZ, CARACTER: TITULAR, OCAMPO 343, CENTRO  ACAYUCAN, VERACRUZ, Socio desde: 2000, TEL Y FAX,manolopavon@hotmail.com,
212,NOTARÍA 1, CORDOBA, VERACRUZ, CARACTER: TITULAR, CALLE 7 306 INT. DESP 3, CENTRO  CORDOBA, VERACRUZ, Socio desde: 1984, ,v.perez1@hotmail.com,
213,NOTARÍA 21, VERACRUZ, VERACRUZ, CARACTER: TITULAR, CARRANZA 138, FLORES MAGON  VERACRUZ, VERACRUZ, Socio desde: 2005, 01 229 931 43 02,notaria_21@hotmail.com,
214,NOTARÍA 3, COSAMALOAPAN, VERACRUZ, CARACTER: ADSCRITO, ADOLFO RUIZ CORTINEZ 302 INT. 2, CENTRO  COSAMALOAPAN, VERACRUZ, Socio desde: 2013, ,notaria_3_cosver@hotmail.com,
215,NOTARÍA 11, MINATITLAN, VERACRUZ, CARACTER: TITULAR, JUAREZ 114, CENTRO  MINATITLAN, VERACRUZ, Socio desde: 1982, ,notaria_11@hotmail.com,
216,NOTARÍA 14, SANTIAGO TUXTLA, VERACRUZ, CARACTER: TITULAR, EL MARQUES 24, CENTRO  SANTIAGO TUXTLA, VERACRUZ, Socio desde: 2007, ,vicky_rg@hotmail.com,
217,NOTARÍA 39, BOCA DEL RIO, VERACRUZ, CARACTER: TITULAR, PASEO DE LAS FLORES 10, FRACCIONAMIENTO VIRGINIA  BOCA DEL RIO, VERACRUZ, Socio desde: 2007, 01-229 921 7944,titular@notaria39.mx,
218,NOTARÍA 2, COATZACOALCOS, VERACRUZ, CARACTER: ADSCRITO, GUERRERO 802 INT. ALTO 1, CENTRO  COATZACOALCOS, VERACRUZ, Socio desde: 1997, TELS Y FAX,not24@prodigy.net.mx,
219,NOTARÍA 29, MINATITLAN, VERACRUZ, CARACTER: TITULAR, JOSE ARENAS 47, CENTRO  MINATITLAN, VERACRUZ, Socio desde: 2011, 01 922 223 7622,notaria29minatitlan@gmail.com,
